,Subreddit.j,Subreddit.i,cross_posts
24,tagpro,eltp,50.0
26,nltp,mltp,32.0
28,tagpro,mltp,25.0
31,tagpro,nltp,55.0
65,lexington,kentucky,41.0
66,louisville,kentucky,43.0
67,louisville,lexington,32.0
114,nomanshigh,nmsgalactichub,24.0
115,nomansskythegame,nmsgalactichub,97.0
117,nomanshigh,no_mans_sky,27.0
118,nomansskythegame,no_mans_sky,99.0
120,nomansskythegame,nomanshigh,111.0
125,buddycrossing,animalcrossingnewleaf,37.0
126,brasildob,brasil,48.0
127,brasilivre,brasil,566.0
132,investimentos,brasil,25.0
133,brasilivre,brasildob,53.0
172,ecig_vendors,canadian_ecigarette,23.0
175,electronic_cigarette,canadian_ecigarette,266.0
181,vaping,canadian_ecigarette,62.0
200,electronic_cigarette,diy_ejuice,73.0
206,vaping,diy_ejuice,23.0
221,electronic_cigarette,ecig_vendors,227.0
227,vaping,ecig_vendors,30.0
230,electronic_cigarette,ecigclassifieds,364.0
238,electronic_cigarette,ecr_eu,242.0
247,openpv,electronic_cigarette,57.0
248,rba,electronic_cigarette,83.0
251,vaping,electronic_cigarette,1654.0
252,vaping101,electronic_cigarette,611.0
273,vaping101,vaping,654.0
274,rainbow6tts,rainbow6,98.0
276,siegeacademy,rainbow6,394.0
280,allthingsterran,allthingsprotoss,173.0
281,allthingszerg,allthingsprotoss,178.0
283,starcraft,allthingsprotoss,134.0
284,starcraft2,allthingsprotoss,36.0
287,allthingszerg,allthingsterran,183.0
289,starcraft,allthingsterran,168.0
290,starcraft2,allthingsterran,40.0
294,starcraft,allthingszerg,203.0
295,starcraft2,allthingszerg,37.0
298,starcraft,broodwar,184.0
302,starcraft2,starcraft,356.0
315,lotr,lordoftherings,89.0
316,thehobbit,lordoftherings,26.0
317,tolkienfans,lordoftherings,23.0
318,thehobbit,lotr,49.0
319,tolkienfans,lotr,105.0
336,geegees,carletonu,39.0
337,ottawa,carletonu,31.0
338,ottawa,geegees,27.0
349,wisconsin,milwaukee,40.0
363,philippines,cebu,26.0
370,philippines,peyups,36.0
373,phinvest,philippines,53.0
411,netherlands,amsterdam,28.0
421,thenetherlands,netherlands,30.0
429,borderlands2,borderlands,416.0
430,borderlandspresequel,borderlands,111.0
433,borderlandspresequel,borderlands2,32.0
439,pandoranredcross,borderlandsguns,315.0
440,pkmntcgcollections,pkmntcg,55.0
443,pokemontcg,pkmntcg,181.0
445,ptcgo,pkmntcg,125.0
448,pokemontcg,pkmntcgcollections,70.0
459,ptcgo,pokemontcg,49.0
476,robloxgamedev,roblox,94.0
481,toontownrewritten,toontown,71.0
489,newzealand,auckland,123.0
493,newzealand,chch,27.0
499,wellington,newzealand,51.0
508,denmark,copenhagen,41.0
530,graffiti,graffhelp,31.0
538,streetart,graffiti,29.0
556,inat,gamedevclassifieds,1084.0
579,columbus,cleveland,64.0
580,ohio,cleveland,61.0
593,ohio,columbus,61.0
595,osu,columbus,59.0
614,feedthebeastservers,feedthebeast,23.0
616,skyfactory,feedthebeast,47.0
635,anchorage,alaska,91.0
640,thedarktower,stephenking,45.0
645,planetside,briggs,22.0
651,emeraldps2,connery,23.0
653,planetside,connery,35.0
659,millerplanetside,emeraldps2,28.0
660,planetside,emeraldps2,66.0
662,ps2cobalt,emeraldps2,23.0
666,planetside,millerplanetside,69.0
668,ps2cobalt,millerplanetside,89.0
673,ps2cobalt,planetside,58.0
674,ps4planetside2,planetside,39.0
687,nostupidquestions,answers,491.0
698,letsplay,elgatogaming,25.0
705,newtubers,letsplay,89.0
706,partneredyoutube,letsplay,29.0
708,youtubers,letsplay,43.0
709,newtubers,letsplaycritiques,71.0
713,partneredyoutube,newtubers,132.0
715,youtubers,newtubers,462.0
717,youtubers,partneredyoutube,91.0
725,ireland,cork,45.0
734,ireland,dublin,176.0
740,irishhistory,ireland,23.0
754,blackladies,blackfellas,158.0
759,naturalhair,blackhair,168.0
779,googlecardboard,gearvr,22.0
782,oculus,gearvr,89.0
785,virtualreality,gearvr,37.0
791,oculus,googlecardboard,35.0
794,virtualreality,googlecardboard,38.0
814,steamvr,oculus,278.0
815,virtualreality,oculus,994.0
816,vive,oculus,893.0
817,vrchat,oculus,38.0
818,vrgaming,oculus,252.0
824,virtualreality,steamvr,273.0
825,vive,steamvr,452.0
827,vrgaming,steamvr,106.0
828,vive,virtualreality,430.0
829,vrchat,virtualreality,28.0
830,vrgaming,virtualreality,291.0
832,vrgaming,vive,77.0
848,evejobs,eve,31.0
849,evenewbies,eve,41.0
866,gratefuldead,deadandcompany,75.0
869,gratefuldead,grateful_dead,293.0
872,jambands,gratefuldead,39.0
873,phish,gratefuldead,30.0
876,tax,accounting,263.0
877,taxpros,accounting,22.0
878,tax,irs,171.0
880,taxpros,tax,66.0
887,adoptmyvillager,actrade,51.0
899,wildlands,ghostrecon,127.0
901,thedivision,the_division,136.0
909,opticgaming,codcompetitive,21.0
919,themepark,rollercoasters,23.0
921,wow,transmogrification,56.0
923,wow,warcraftlore,152.0
925,woweconomy,wow,95.0
929,neverbegameover,metalgearsolid,47.0
931,edh,competitiveedh,416.0
936,magictcg,competitiveedh,64.0
951,magictcg,custommagic,39.0
963,magicdeckbuilding,edh,225.0
965,magictcg,edh,615.0
990,magictcg,lrcast,62.0
998,spikes,lrcast,24.0
1001,magictcg,magicdeckbuilding,631.0
1002,modernmagic,magicdeckbuilding,130.0
1009,spikes,magicdeckbuilding,23.0
1021,modernmagic,magictcg,365.0
1022,mtgcube,magictcg,69.0
1023,mtgfinance,magictcg,55.0
1024,mtglegacy,magictcg,61.0
1025,mtgvorthos,magictcg,29.0
1026,pauper,magictcg,35.0
1028,spikes,magictcg,170.0
1036,spikes,modernmagic,332.0
1037,tronmtg,modernmagic,50.0
1054,spikes,mtglegacy,32.0
1068,vintagecomputing,retrobattlestations,45.0
1069,eashl,ea_nhl,59.0
1072,nhlhut,ea_nhl,66.0
1121,modelushouse,modelusgov,94.0
1235,tabletopgamedesign,boardgames,120.0
1324,brooklyn,asknyc,81.0
1332,newyorkcity,asknyc,71.0
1333,nyc,asknyc,295.0
1334,nycapartments,asknyc,62.0
1336,nycmeetups,asknyc,31.0
1365,newyorkcity,brooklyn,39.0
1366,nyc,brooklyn,143.0
1369,nycmeetups,brooklyn,29.0
1386,nyu,columbia,30.0
1389,jerseycity,hoboken,47.0
1405,newjersey,jerseycity,44.0
1450,nyc,newyork,28.0
1458,nyc,newyorkcity,172.0
1468,nycmeetups,nyc,55.0
1678,hockey,canucks,22.0
1972,hockey,habs,26.0
1978,leafs,habs,30.0
2026,hockeyjerseys,hockey,29.0
2027,hockeyplayers,hockey,109.0
2029,leafs,hockey,26.0
2056,hockeyplayers,hockeygoalies,90.0
2169,askleo,askle,81.0
2173,police,askle,24.0
2174,protectandserve,askle,21.0
2181,police,askleo,25.0
2182,protectandserve,askleo,49.0
2204,protectandserve,police,41.0
2224,caferacers,bikebuilders,26.0
2241,motorcycles,bikebuilders,28.0
2288,hondacb,caferacers,27.0
2296,motorcycles,caferacers,38.0
2322,motorcycles,calamariraceteam,45.0
2343,motocross,dirtbikes,61.0
2347,motorcycles,dirtbikes,40.0
2371,motorcycles,dualsport,61.0
2394,motorcycles,ducati,49.0
2416,motorcycles,fixxit,201.0
2476,motorcycles,harley,112.0
2481,sportster,harley,77.0
2494,motorcycles,hondacb,39.0
2592,motorcycles,motorcycle,106.0
2594,motouk,motorcycle,23.0
2598,suggestamotorcycle,motorcycle,30.0
2601,trackdays,motorcycle,36.0
2604,motouk,motorcycles,106.0
2609,supermoto,motorcycles,45.0
2610,svriders,motorcycles,33.0
2611,trackdays,motorcycles,27.0
2612,triumph,motorcycles,57.0
2683,doordash,couriersofreddit,37.0
2691,postmates,couriersofreddit,23.0
2694,doordash_drivers,doordash,227.0
2701,postmates,doordash,27.0
2742,tennessee,nashville,32.0
2799,superstarsmtown,superstarjypnation,23.0
2800,cosmere,brandonsanderson,39.0
2803,mistborn,brandonsanderson,24.0
2805,stormlight_archive,brandonsanderson,43.0
2808,mistborn,cosmere,34.0
2810,stormlight_archive,cosmere,69.0
2811,kerbalspaceprogram,kerbalacademy,174.0
2834,snapchat,needafriend,110.0
2855,pokemongoivs,pokemongo,43.0
2858,pokemongoyellow,pokemongo,30.0
2859,thesilphroad,pokemongo,972.0
2868,thesilphroad,pokemongoivs,26.0
2878,creditcards,amex,60.0
2883,halo,competitivehalo,66.0
2888,halostory,halo,363.0
2889,halowars,halo,25.0
2897,battlefield_4,battlefield3,23.0
2908,arkone,ark,213.0
2909,arkps4,ark,131.0
2910,playark,ark,872.0
2912,playark,arkone,117.0
2913,playark,arkps4,44.0
2917,theatre,musicals,82.0
2923,ironscape,2007scape,85.0
2927,runescape,2007scape,347.0
2942,runescape,rs3ironmen,44.0
2952,beyondthebump,askparents,21.0
2963,mommit,askparents,29.0
2965,parenting,askparents,162.0
2987,beyondthebump,babybumps,311.0
2989,breastfeeding,babybumps,34.0
2990,cautiousbb,babybumps,91.0
2998,mommit,babybumps,79.0
2999,namenerds,babybumps,49.0
3000,parenting,babybumps,62.0
3002,pregnant,babybumps,495.0
3014,tryingforababy,babybumps,43.0
3055,breakingmom,beyondthebump,63.0
3056,breastfeeding,beyondthebump,284.0
3065,mommit,beyondthebump,190.0
3067,parenting,beyondthebump,249.0
3069,pregnant,beyondthebump,75.0
3072,sleeptrain,beyondthebump,80.0
3078,toddlers,beyondthebump,58.0
3097,mommit,breakingmom,40.0
3099,parenting,breakingmom,65.0
3128,mommit,breastfeeding,43.0
3130,parenting,breastfeeding,34.0
3162,pregnant,cautiousbb,45.0
3291,infertilitybabies,infertility,57.0
3309,tryingforababy,infertility,56.0
3359,ttcafterloss,miscarriage,68.0
3364,parenting,mommit,160.0
3366,pregnant,mommit,28.0
3375,toddlers,mommit,28.0
3407,pregnant,parenting,43.0
3408,raisingkids,parenting,21.0
3410,sleeptrain,parenting,28.0
3416,toddlers,parenting,105.0
3456,tryingforababy,pregnant,25.0
3531,tryingforababy,stilltrying,26.0
3595,ttc30,tryingforababy,30.0
3596,ttc_pcos,tryingforababy,42.0
3597,ttcafterloss,tryingforababy,50.0
3624,gallifrey,doctorwho,509.0
3631,diablo,d3hardcore,34.0
3632,diablo3,d3hardcore,25.0
3640,diablo3,d3ps4,60.0
3647,diablo3,diablo,747.0
3648,diablo3barbarians,diablo,49.0
3649,diablo3crusaders,diablo,42.0
3650,diablo3demonhunters,diablo,52.0
3651,diablo3monks,diablo,49.0
3652,diablo3witchdoctors,diablo,39.0
3653,diablo3wizards,diablo,61.0
3654,diablo3barbarians,diablo3,37.0
3655,diablo3crusaders,diablo3,42.0
3656,diablo3demonhunters,diablo3,60.0
3657,diablo3monks,diablo3,52.0
3658,diablo3witchdoctors,diablo3,35.0
3659,diablo3wizards,diablo3,64.0
3683,forhonor,competitiveforhonor,390.0
3689,forhonorknights,forhonor,118.0
3691,forhonorrants,forhonor,54.0
3692,forhonorsamurai,forhonor,47.0
3693,forhonorvikings,forhonor,68.0
3696,forhonorsamurai,forhonorknights,33.0
3697,forhonorvikings,forhonorknights,35.0
3703,forhonorvikings,forhonorsamurai,31.0
3704,darksouls2,bloodborne,132.0
3705,darksouls3,bloodborne,195.0
3706,demonssouls,bloodborne,40.0
3708,huntersbell,bloodborne,49.0
3717,darksouls3,darksouls2,348.0
3718,demonssouls,darksouls2,39.0
3727,summonsign,darksouls2,34.0
3728,wheelanddeal,darksouls2,38.0
3729,demonssouls,darksouls3,24.0
3732,onebros,darksouls3,32.0
3733,opensouls3,darksouls3,155.0
3734,pumparum,darksouls3,132.0
3738,summonsign,darksouls3,171.0
3765,summonsign,huntersbell,146.0
3776,shittydarksouls,opensouls3,21.0
3782,snuggly,pumparum,75.0
3783,summonsign,pumparum,168.0
3784,wheelanddeal,pumparum,37.0
3803,masseffectandromeda,masseffect,45.0
3805,mecoop,masseffect,39.0
3819,butchlesbians,actuallesbians,25.0
3823,lesbianactually,actuallesbians,322.0
3865,scotland,edinburgh,29.0
3869,scotland,glasgow,38.0
3878,cinematography,bmpcc,27.0
3879,filmmakers,bmpcc,28.0
3882,filmmakers,cinematography,351.0
3900,bayarea,asksf,105.0
3902,sanfrancisco,asksf,31.0
3909,oakland,bayarea,90.0
3910,sanfrancisco,bayarea,122.0
3911,sanjose,bayarea,162.0
3946,coins,ancientcoins,33.0
3968,silverbugs,coins,68.0
3972,pmsforsale,coins4sale,759.0
3995,portland,askportland,115.0
4020,portland,oregon,99.0
4024,vancouverwa,portland,41.0
4031,nexusnewbies,heroesofthestorm,54.0
4068,mcsxbox,mcsplaystation,2125.0
4069,mutcoinselling,mcsplaystation,238.0
4072,mutcoinselling,mcsxbox,269.0
4096,nba,chicagobulls,30.0
4127,nba,gonets,26.0
4141,nba,heat,24.0
4149,suns,heat,21.0
4152,washingtonwizards,heat,21.0
4154,nba,kings,26.0
4159,orlandomagic,kings,23.0
4162,suns,kings,33.0
4166,nba,laclippers,21.0
4178,nba_draft,nba,55.0
4179,nbadiscussion,nba,291.0
4180,nbaspurs,nba,41.0
4182,orlandomagic,nba,159.0
4183,ripcity,nba,28.0
4184,rockets,nba,47.0
4185,suns,nba,33.0
4186,thunder,nba,31.0
4187,torontoraptors,nba,72.0
4210,ripcity,nbaspurs,21.0
4211,rockets,nbaspurs,22.0
4213,thunder,nbaspurs,25.0
4217,ripcity,nolapelicans,22.0
4219,suns,nolapelicans,26.0
4220,thunder,nolapelicans,23.0
4225,suns,orlandomagic,25.0
4230,suns,ripcity,21.0
4231,thunder,ripcity,24.0
4234,suns,rockets,24.0
4235,thunder,rockets,24.0
4238,thunder,suns,27.0
4263,chargers,buffalobills,26.0
4268,miamidolphins,buffalobills,33.0
4274,tennesseetitans,buffalobills,24.0
4276,denverbroncos,chargers,31.0
4278,kansascitychiefs,chargers,32.0
4279,miamidolphins,chargers,33.0
4282,oaklandraiders,chargers,29.0
4284,saints,chargers,24.0
4285,tennesseetitans,chargers,30.0
4286,denverbroncos,cowboys,21.0
4294,saints,cowboys,22.0
4298,miamidolphins,denverbroncos,28.0
4303,saints,denverbroncos,30.0
4312,tennesseetitans,jaguars,24.0
4316,oaklandraiders,kansascitychiefs,22.0
4324,saints,miamidolphins,32.0
4325,tennesseetitans,miamidolphins,23.0
4326,nfl_draft,nfl,60.0
4329,saints,nfl,25.0
4340,tennesseetitans,saints,24.0
4346,r4r,kikpals,1717.0
4347,fpvracing,fpv,70.0
4348,multicopter,fpv,421.0
4349,multicopterbuilds,fpv,45.0
4350,quadcopter,fpv,51.0
4351,radiocontrol,fpv,40.0
4352,multicopter,fpvracing,101.0
4356,multicopterbuilds,multicopter,148.0
4357,quadcopter,multicopter,139.0
4358,radiocontrol,multicopter,96.0
4362,civ5,civ,88.0
4365,civbeyondearth,civ,30.0
4385,rant,angry,54.0
4388,offmychest,confessions,393.0
4389,rant,confessions,29.0
4391,trueoffmychest,confessions,192.0
4392,rant,offmychest,286.0
4393,tooafraidtoask,offmychest,51.0
4394,trueoffmychest,offmychest,1071.0
4396,trueoffmychest,rant,161.0
4397,trueoffmychest,tooafraidtoask,40.0
4398,djimavic,dji,125.0
4399,drones,dji,129.0
4402,drones,djimavic,40.0
4408,bicycling,bicycletouring,124.0
4411,bikepacking,bicycletouring,77.0
4414,cycling,bicycletouring,42.0
4424,whichbike,bicycletouring,24.0
4427,bikecommuting,bicycling,245.0
4428,bikepacking,bicycling,23.0
4430,bikewrench,bicycling,212.0
4431,cycling,bicycling,877.0
4432,cyclocross,bicycling,31.0
4434,fixedgearbicycle,bicycling,66.0
4435,mountainbiking,bicycling,55.0
4436,mtb,bicycling,188.0
4439,triathlon,bicycling,41.0
4440,velo,bicycling,76.0
4441,whichbike,bicycling,323.0
4461,bikewrench,bikecommuting,28.0
4462,cycling,bikecommuting,137.0
4472,whichbike,bikecommuting,65.0
4501,cycling,bikewrench,116.0
4505,mountainbiking,bikewrench,33.0
4506,mtb,bikewrench,164.0
4516,mountainbiking,cycling,31.0
4517,mtb,cycling,65.0
4520,triathlon,cycling,46.0
4521,velo,cycling,50.0
4522,whichbike,cycling,238.0
4523,zwift,cycling,37.0
4551,mtb,mountainbiking,379.0
4556,whichbike,mountainbiking,28.0
4562,whichbike,mtb,63.0
4585,coffee,barista,56.0
4586,espresso,barista,32.0
4589,espresso,coffee,201.0
4591,roasting,coffee,39.0
4597,canadients,canadianmoms,27.0
4610,astrology,askastrologers,125.0
4611,astrologyreadings,askastrologers,86.0
4612,astrologyreadings,astrology,28.0
4614,incelswithouthate,foreveralone,21.0
4662,redstone,minecraft,165.0
4669,paypal,ebay,88.0
4695,gta,grandtheftautov,186.0
4696,gta5,grandtheftautov,43.0
4700,gtaonline,grandtheftautov,533.0
4701,gtav,grandtheftautov,506.0
4702,gtavcustoms,grandtheftautov,23.0
4704,heistteams,grandtheftautov,30.0
4706,gta5,gta,25.0
4710,gtaonline,gta,215.0
4711,gtav,gta,301.0
4714,heistteams,gta,24.0
4719,gtaonline,gta5,22.0
4720,gtav,gta5,52.0
4746,gtav,gtaonline,526.0
4747,gtavcustoms,gtaonline,34.0
4749,heistteams,gtaonline,226.0
4753,heistteams,gtav,78.0
4762,aznidentity,asianmasculinity,188.0
4763,easternsunrising,asianmasculinity,35.0
4766,easternsunrising,aznidentity,97.0
4767,hapas,aznidentity,57.0
4768,sino,aznidentity,41.0
4823,xboxone,gearsofwar,24.0
4837,xboxone,greatxboxdeals,47.0
4875,ps4,playstationplus,101.0
4884,ps4,ps3,64.0
4891,vita,ps3,35.0
4895,ps4pro,ps4,234.0
4896,ps5,ps4,74.0
4897,psvr,ps4,56.0
4898,trophies,ps4,21.0
4899,vita,ps4,97.0
4900,xboxone,ps4,301.0
4956,casualuk,askuk,64.0
4960,legaladviceuk,askuk,143.0
5118,manchester,liverpool,23.0
5150,running,advancedrunning,212.0
5292,basketballtips,basketball,217.0
5323,writers,fantasywriters,35.0
5324,writing,fantasywriters,72.0
5332,writing,freelancewriters,31.0
5338,writers,keepwriting,226.0
5339,writing,keepwriting,65.0
5354,writing,pubtips,22.0
5356,writers,selfpublish,22.0
5357,writing,selfpublish,91.0
5359,writing,writers,222.0
5364,hearthstone,competitivehs,501.0
5365,wildhearthstone,competitivehs,75.0
5371,wildhearthstone,hearthstone,234.0
5379,pathofexilebuilds,pathofexile,550.0
5386,gastate,atlanta,26.0
5387,georgia,atlanta,46.0
5388,gwinnett,atlanta,34.0
5419,ksu,gastate,25.0
5427,enfp,enfj,95.0
5429,entj,enfj,71.0
5430,entp,enfj,73.0
5432,infj,enfj,63.0
5433,infp,enfj,108.0
5434,intj,enfj,53.0
5435,intp,enfj,81.0
5436,isfp,enfj,61.0
5437,istj,enfj,44.0
5438,istp,enfj,48.0
5439,mbti,enfj,42.0
5441,enneagram,enfp,23.0
5442,entj,enfp,79.0
5443,entp,enfp,108.0
5445,infj,enfp,92.0
5446,infp,enfp,189.0
5447,intj,enfp,96.0
5448,intp,enfp,109.0
5449,isfp,enfp,74.0
5450,istj,enfp,50.0
5451,istp,enfp,47.0
5452,mbti,enfp,99.0
5461,isfp,enneagram,38.0
5464,mbti,enneagram,55.0
5466,entp,entj,87.0
5468,infj,entj,46.0
5469,infp,entj,73.0
5470,intj,entj,102.0
5471,intp,entj,82.0
5472,isfp,entj,46.0
5473,istj,entj,47.0
5474,istp,entj,45.0
5475,mbti,entj,57.0
5478,infj,entp,87.0
5479,infp,entp,87.0
5480,intj,entp,82.0
5481,intp,entp,151.0
5482,isfp,entp,49.0
5483,istj,entp,44.0
5484,istp,entp,51.0
5485,mbti,entp,84.0
5496,infp,infj,142.0
5497,intj,infj,157.0
5498,intp,infj,131.0
5499,isfp,infj,47.0
5500,istj,infj,40.0
5501,istp,infj,42.0
5502,mbti,infj,130.0
5504,intj,infp,120.0
5505,intp,infp,204.0
5506,isfp,infp,94.0
5507,istj,infp,55.0
5508,istp,infp,53.0
5509,mbti,infp,122.0
5511,intp,intj,218.0
5512,isfp,intj,46.0
5513,istj,intj,50.0
5514,istp,intj,45.0
5515,mbti,intj,125.0
5517,isfp,intp,65.0
5518,istj,intp,54.0
5519,istp,intp,67.0
5520,mbti,intp,128.0
5522,istj,isfp,60.0
5523,istp,isfp,67.0
5524,mbti,isfp,47.0
5526,istp,istj,55.0
5527,mbti,istj,39.0
5529,mbti,istp,45.0
5534,fantasyfootball,dfsports,78.0
5536,fantasy_football,dynastyff,76.0
5537,fantasyfootball,dynastyff,108.0
5539,fantasyfootball,fantasy_football,78.0
5548,surface,microsoft,32.0
5550,windows,microsoft,40.0
5552,windows,surface,45.0
5557,overwatch,competitiveoverwatch,773.0
5559,overwatchuniversity,competitiveoverwatch,324.0
5580,overwatchuniversity,overwatch,668.0
5581,owconsole,overwatch,262.0
5590,owconsole,overwatchuniversity,66.0
5606,latterdaysaints,exmormon,40.0
5608,mormon,exmormon,479.0
5611,lds,latterdaysaints,131.0
5612,mormon,latterdaysaints,126.0
5615,mormon,lds,31.0
5632,dota2modding,dota2,65.0
5633,dota2trade,dota2,95.0
5634,dotaconcepts,dota2,33.0
5666,fifa17ut,fifa,21.0
5669,fut,fifa,164.0
5673,fut,fifa17ut,23.0
5681,policydebate,lincolndouglas,28.0
5687,fibromyalgia,cfs,32.0
5695,disability,chronicpain,39.0
5697,ehlersdanlos,chronicpain,21.0
5698,fibromyalgia,chronicpain,121.0
5700,migraine,chronicpain,32.0
5704,rheumatoid,chronicpain,21.0
5722,pots,dysautonomia,167.0
5784,fallout,bethesdasoftworks,49.0
5815,morrowind,elderscrolls,69.0
5816,oblivion,elderscrolls,66.0
5817,skyrim,elderscrolls,158.0
5820,teslore,elderscrolls,86.0
5822,falloutlore,fallout,29.0
5823,falloutmods,fallout,299.0
5824,falloutnewvegas,fallout,113.0
5825,falloutsettlements,fallout,56.0
5826,fnv,fallout,323.0
5827,fo3,fallout,110.0
5828,fo4,fallout,1105.0
5857,falloutnewvegas,falloutmods,28.0
5859,fnv,falloutmods,124.0
5860,fo3,falloutmods,26.0
5861,fo4,falloutmods,242.0
5869,skyrimmods,falloutmods,33.0
5874,fnv,falloutnewvegas,119.0
5890,fo4,falloutsettlements,112.0
5972,oblivion,morrowind,29.0
5973,skyrim,morrowind,29.0
5978,skyrim,oblivion,41.0
5983,skyrimmods,skyrim,866.0
5985,teslore,skyrim,59.0
6043,lalist,asklosangeles,48.0
6044,losangeles,asklosangeles,183.0
6047,losangeles,lalist,69.0
6072,circlejerk,braveryjerk,22.0
6136,applyingtocollege,act,128.0
6143,sat,act,109.0
6145,apstudents,applyingtocollege,91.0
6146,chanceme,applyingtocollege,279.0
6147,cornell,applyingtocollege,21.0
6150,highschool,applyingtocollege,82.0
6151,sat,applyingtocollege,320.0
6157,highschool,apstudents,44.0
6158,sat,apstudents,36.0
6181,scary,creepypasta,45.0
6182,scarystories,creepypasta,496.0
6183,scarystories,scary,93.0
6184,gradschool,askacademia,380.0
6191,videoengineering,commercialav,24.0
6193,techtheatre,lightingdesign,92.0
6195,techtheatre,livesound,38.0
6317,soccer,barca,23.0
6395,soccer,chelseafc,24.0
6538,soccer,realmadrid,24.0
6553,clashroyale,clashofclans,24.0
6556,elitedangerous,elite_dangerous,64.0
6561,eliteone,elite_dangerous,22.0
6596,eliteexplorers,elitedangerous,139.0
6599,eliteminers,elitedangerous,32.0
6600,eliteone,elitedangerous,180.0
6601,eliteps,elitedangerous,80.0
6602,elitetraders,elitedangerous,43.0
6603,hotas,elitedangerous,39.0
6605,starcitizen,elitedangerous,28.0
6611,eliteone,eliteexplorers,37.0
6612,eliteps,eliteexplorers,24.0
6646,eliteps,eliteone,54.0
6688,globaloffensive,counterstrike,149.0
6694,globaloffensive,csgobetting,23.0
6704,globaloffensivetrade,csgomarketforum,46.0
6707,globaloffensivetrade,globaloffensive,88.0
6718,beertrade,beer,23.0
6720,craftbeer,beer,86.0
6721,homebrewing,beer,80.0
6757,thebrewery,homebrewing,51.0
6761,mb2bannerlord,bannerlord,109.0
6762,mountandblade,bannerlord,139.0
6763,mountandblade,mb2bannerlord,108.0
7088,subredditdrama,drama,24.0
7419,premed,mcat,243.0
7422,medicine,medicalschool,76.0
7423,premed,medicalschool,64.0
7425,residency,medicalschool,125.0
7428,residency,medicine,25.0
7437,truechildfree,childfree,51.0
7441,travel,solotravel,515.0
7444,thailand,bangkok,89.0
7445,thailandtourism,bangkok,24.0
7446,thailandtourism,thailand,79.0
7448,destiny2,crucibleplaybook,75.0
7453,destinythegame,crucibleplaybook,455.0
7464,destinythegame,cruciblesherpa,21.0
7465,fireteams,cruciblesherpa,61.0
7470,destinyfashion,destiny2,33.0
7471,destinylore,destiny2,47.0
7474,destinythegame,destiny2,2095.0
7475,fireteams,destiny2,104.0
7476,lowsodiumdestiny,destiny2,123.0
7478,raidsecrets,destiny2,41.0
7479,sharditkeepit,destiny2,28.0
7483,destinythegame,destinyfashion,77.0
7491,destinythegame,destinylore,222.0
7505,fireteams,destinysherpa,424.0
7510,fireteams,destinythegame,198.0
7511,lowsodiumdestiny,destinythegame,1670.0
7513,raidsecrets,destinythegame,217.0
7514,sharditkeepit,destinythegame,96.0
7525,thevampirediaries,theoriginals,49.0
7526,republican,conservatives,50.0
7529,nosleep,creepy,28.0
7557,movies,criterion,33.0
7558,truefilm,criterion,31.0
7559,movies,flicks,153.0
7560,truefilm,flicks,159.0
7561,truefilm,movies,222.0
7562,dvdcollection,boutiquebluray,23.0
7564,subaru,battlewagon,26.0
7574,subaruforester,subaru,181.0
7575,subaruimpreza,subaru,124.0
7576,wrx,subaru,259.0
7577,xvcrosstrek,subaru,63.0
7585,woodworking,handtools,30.0
7625,japanlife,japan,56.0
7627,tokyo,japan,42.0
7629,tokyo,japanlife,37.0
7631,3dsmax,3dmodeling,59.0
7632,computergraphics,3dmodeling,32.0
7633,maya,3dmodeling,87.0
7634,zbrush,3dmodeling,34.0
7636,maya,3dsmax,34.0
7638,maya,computergraphics,21.0
7641,cinema4d,aftereffects,27.0
7642,motiondesign,aftereffects,103.0
7643,vfx,aftereffects,74.0
7644,motiondesign,cinema4d,30.0
7648,onlinedating,bumble,26.0
7649,tinder,bumble,52.0
7650,tinder,onlinedating,38.0
7651,bostonsocialclub,boston,116.0
7663,whatsthisworth,antiques,84.0
7686,jrpg,dragonquest,22.0
7688,jrpg,finalfantasy,54.0
7690,rpg_gamers,jrpg,56.0
9586,leagueoflegends,clg,29.0
9589,leagueoflegends,fantasylcs,35.0
9593,summonerschool,leagueoflegends,1423.0
9617,squaredcircle,fantasybookers,24.0
9667,squaredcircle,njpw,297.0
9677,squaredcircle,prowrestling,62.0
9687,squaredcirclejerk,scjerk,22.0
9696,stardomjoshi,squaredcircle,44.0
9697,wredditcountryclub,squaredcircle,157.0
9698,wrestlemaniaplans,squaredcircle,36.0
9701,wwe_network,squaredcircle,46.0
9702,wwegames,squaredcircle,118.0
9751,russian,askarussian,31.0
9765,europe,askeurope,35.0
9841,hungary,budapest,54.0
9891,prague,czech,62.0
9894,slovakia,czech,24.0
9935,spain,es,23.0
9971,suomi,finland,28.0
10061,spain,madrid,29.0
10064,polska,poland,72.0
10112,norway,norge,32.0
10117,norway,norsk,23.0
10136,sweden,gothenburg,27.0
10160,sweden,stockholm,58.0
10181,tillsverige,sweden,49.0
10193,wien,austria,96.0
10220,fragreddit,de,42.0
10222,germany,de,51.0
10303,munich,germany,32.0
10320,tacoma,olympia,25.0
10365,feminism,askfeminists,60.0
10376,floridagators,cfb,25.0
10379,longhornnation,cfb,30.0
10381,miamihurricanes,cfb,23.0
10465,asktrp,askmrp,29.0
10471,theredpill,asktrp,29.0
10473,theredpill,marriedredpill,237.0
10475,mensrights,egalitarianism,28.0
10503,gametheorists,fivenightsatfreddys,76.0
10517,ninjasexparty,gamegrumps,119.0
10547,40klore,40k,24.0
10561,warhammer,40k,44.0
10563,warhammer40k,40k,123.0
10579,warhammer,40klore,78.0
10581,warhammer40k,40klore,238.0
10598,warhammer40k,adeptusmechanicus,54.0
10603,minipainting,ageofsigmar,41.0
10612,warhammer,ageofsigmar,327.0
10614,warhammer40k,ageofsigmar,123.0
10629,warhammer40k,eldar,51.0
10654,warhammer,minipainting,143.0
10656,warhammer40k,minipainting,199.0
10689,warhammer40k,necrontyr,61.0
10698,warhammer40k,orks,60.0
10706,warhammer40k,tau40k,60.0
10719,warhammer40k,thousandsons,39.0
10724,warhammer40k,tyranids,47.0
10727,warhammer30k,warhammer,22.0
10728,warhammer40k,warhammer,819.0
10729,warhammerfantasy,warhammer,58.0
10731,warhammer40k,warhammer30k,55.0
10748,pokemon,nuzlocke,45.0
10757,pokemonconspiracies,pokemon,44.0
10758,pokemonromhacks,pokemon,32.0
10761,stunfisk,pokemon,95.0
10805,pokemontrades,bankballexchange,192.0
10850,pokemontrades,casualpokemontrades,166.0
10851,relaxedpokemontrades,casualpokemontrades,69.0
10852,shinypokemon,casualpokemontrades,43.0
10913,pokemontrades,pokemongiveaway,50.0
10932,relaxedpokemontrades,pokemontrades,29.0
10933,shinypokemon,pokemontrades,56.0
10947,aspergirls,aspergers,137.0
10948,autism,aspergers,643.0
10952,autism,aspergirls,49.0
10982,askwomenover30,askmenover30,89.0
11000,judo,bjj,85.0
11002,mma,bjj,22.0
11047,twoxchromosomes,askwomen,29.0
11048,thegirlsurvivalguide,birthcontrol,30.0
11049,twoxchromosomes,birthcontrol,215.0
11050,twoxchromosomes,thegirlsurvivalguide,89.0
11077,polyamory,nonmonogamy,218.0
11100,kappa,fighters,46.0
11104,streetfighter,fighters,89.0
11105,tekken,fighters,33.0
11109,streetfighter,kappa,122.0
11110,tekken,kappa,29.0
11120,tekken,streetfighter,60.0
11142,mario,casualnintendo,92.0
11145,nintendo,casualnintendo,23.0
11163,smashbros,crazyhand,189.0
11199,nintendo,mario,42.0
11232,smashbros,nintendo,50.0
11238,zelda,nintendo,60.0
11256,ssbm,smashbros,415.0
11257,ssbpm,smashbros,364.0
11269,ssbpm,ssbm,47.0
11274,zelda,truezelda,174.0
11276,wiiu,3ds,103.0
11280,askphotography,amateurphotography,33.0
11300,analogcommunity,analog,165.0
11301,askphotography,analog,33.0
11303,cameras,analog,40.0
11313,photography,analog,60.0
11321,askphotography,analogcommunity,30.0
11341,beginning_photography,askphotography,63.0
11342,cameras,askphotography,310.0
11343,fujifilm,askphotography,25.0
11344,fujix,askphotography,24.0
11348,nikon,askphotography,87.0
11352,photography,askphotography,111.0
11356,postprocessing,askphotography,29.0
11358,sonyalpha,askphotography,71.0
11378,fujifilm,cameras,37.0
11383,nikon,cameras,71.0
11387,photography,cameras,52.0
11393,sonyalpha,cameras,84.0
11395,fujix,fujifilm,137.0
11449,postprocessing,lightroom,47.0
11468,photography,nikon,23.0
11506,postprocessing,photography,32.0
11508,sonyalpha,photography,23.0
11509,weddingphotography,photography,25.0
11532,maryland,baltimore,139.0
11540,australia,adelaide,35.0
11542,brisbane,adelaide,25.0
11546,perth,adelaide,38.0
11549,australianpolitics,australia,33.0
11550,brisbane,australia,57.0
11552,melbourne,australia,127.0
11554,perth,australia,41.0
11555,sydney,australia,127.0
11565,melbourne,brisbane,31.0
11567,perth,brisbane,24.0
11568,sydney,brisbane,27.0
11577,sydney,melbourne,39.0
11582,sydney,perth,21.0
11585,fiaustralia,ausfinance,98.0
11613,newyorkmets,baseball,29.0
11614,nyyankees,baseball,31.0
11662,cubs,chicubs,33.0
11761,teachers,eceprofessionals,52.0
11767,teachers,education,210.0
11768,teaching,education,80.0
11772,teachers,elateachers,98.0
11773,teaching,elateachers,38.0
11781,teachers,scienceteachers,101.0
11782,teaching,scienceteachers,30.0
11783,teaching,teachers,524.0
11939,naslsoccer,mls,44.0
12017,breakups,breakup,758.0
12018,exnocontact,breakup,174.0
12019,exnocontact,breakups,1270.0
12021,love,heartbreak,69.0
12024,dodge,challenger,24.0
12025,dodge,charger,65.0
12035,redditlaqueristas,nails,66.0
12038,randomactsofpolish,polishgauntlet,71.0
12040,redditpolish,polishgauntlet,22.0
12044,redditlaqueristas,randomactsofpolish,33.0
12048,gameboy,consolerepair,22.0
12056,retrogaming,consolerepair,21.0
12087,retrogaming,gameboy,32.0
12114,retrogaming,n64,39.0
12126,retrogaming,nes,52.0
12173,segagenesis,retrogaming,21.0
12176,snes,retrogaming,46.0
12179,segagenesis,sega,35.0
12199,wiihacks,wii,93.0
12203,gameswap,gamesale,118.0
12204,retrogameswap,gamesale,81.0
12205,retrogameswap,gameswap,749.0
12206,selfsufficiency,permaculture,50.0
12240,romancebooks,booksuggestions,35.0
12241,fantasy,books,85.0
12242,printsf,books,26.0
12244,scifi,books,24.0
12245,suggestmeabook,books,29.0
12246,printsf,fantasy,49.0
12247,sciencefiction,fantasy,41.0
12248,scifi,fantasy,75.0
12249,suggestmeabook,fantasy,102.0
12250,sciencefiction,printsf,45.0
12251,scifi,printsf,120.0
12252,suggestmeabook,printsf,34.0
12253,scifi,sciencefiction,189.0
12260,hunting,bowhunting,56.0
12262,waterfowl,hunting,30.0
12263,fishing,bassfishing,131.0
12264,fishing_gear,bassfishing,47.0
12269,fishing_gear,fishing,151.0
12270,flyfishing,fishing,42.0
12273,kayakfishing,fishing,50.0
12318,startrek,daystrominstitute,72.0
12325,startrek,deepspacenine,29.0
12344,startrekdiscovery,startrek,49.0
12346,treknobabble,startrek,89.0
12370,vaporents,abv,22.0
12420,cannabiscultivation,autoflowers,112.0
12426,growingmarijuana,autoflowers,139.0
12431,microgrowery,autoflowers,429.0
12449,marijuana,cannabis,24.0
12465,growingmarijuana,cannabiscultivation,232.0
12466,herbgrow,cannabiscultivation,29.0
12467,macrogrowery,cannabiscultivation,24.0
12468,marijuana,cannabiscultivation,25.0
12470,microgrowery,cannabiscultivation,325.0
12477,weed,cannabiscultivation,31.0
12478,weedbiz,cannabiscultivation,21.0
12480,dabs,cannabisextracts,73.0
12491,rosin,cannabisextracts,33.0
12492,treedibles,cannabisextracts,65.0
12493,vaporents,cannabisextracts,29.0
12494,waxpen,cannabisextracts,26.0
12495,weed,cannabisextracts,46.0
12528,weed,dabs,30.0
12541,vaporents,dynavap,99.0
12548,marijuana,eldertrees,31.0
12559,herbgrow,growingmarijuana,39.0
12563,microgrowery,growingmarijuana,311.0
12570,weed,growingmarijuana,27.0
12575,microgrowery,herbgrow,79.0
12586,microgrowery,macrogrowery,62.0
12597,mmj,marijuana,47.0
12600,treedibles,marijuana,21.0
12603,weed,marijuana,257.0
12620,weed,microgrowery,37.0
12627,weed,mmj,25.0
12631,vaporents,ploompax,34.0
12642,weed,treedibles,92.0
12644,waxpen,vaporents,149.0
12645,weed,vaporents,32.0
12653,trees,glassheads,38.0
12656,trees,pieces,27.0
12658,trees,saplings,343.0
12659,trees,stonerprotips,73.0
12666,gunpolitics,firearms,120.0
12667,liberalgunowners,firearms,48.0
12669,progun,firearms,147.0
12671,liberalgunowners,gunpolitics,22.0
12673,progun,gunpolitics,152.0
12687,ar15,ar10,37.0
12692,nfa,ar15,36.0
12695,reloading,longrange,30.0
12697,biology,biochemistry,73.0
12700,labrats,biochemistry,22.0
12703,genetics,biology,74.0
12704,labrats,biology,99.0
12705,microbiology,biology,50.0
12712,guns,ak47,61.0
12714,mosinnagant,guns,21.0
12725,glocks,ccw,47.0
12736,glocks,glockmod,64.0
12751,bisexual,bibros,63.0
12752,asexuality,asexual,304.0
12756,askgaybros,ainbow,133.0
12757,askgaymen,ainbow,26.0
12758,gay,ainbow,185.0
12759,gaybros,ainbow,52.0
12762,gaymers,ainbow,43.0
12768,lgbt,ainbow,548.0
12771,askgaymen,askgaybros,572.0
12772,gay,askgaybros,491.0
12773,gaybros,askgaybros,353.0
12776,gaymers,askgaybros,36.0
12779,gaysian,askgaybros,23.0
12780,gayyoungold,askgaybros,47.0
12781,grindr,askgaybros,37.0
12782,lgbt,askgaybros,302.0
12785,gay,askgaymen,96.0
12786,gaybros,askgaymen,47.0
12795,lgbt,askgaymen,55.0
12798,gaybros,gay,135.0
12801,gaymers,gay,35.0
12807,lgbt,gay,453.0
12812,gaymers,gaybros,72.0
12818,lgbt,gaybros,107.0
12845,lgbt,gaymers,60.0
12877,socialanxiety,avpd,21.0
12883,familyguy,bobsburgers,21.0
12893,asktransgender,ask_transgender,504.0
12894,mtf,ask_transgender,257.0
12898,mtf,asktransgender,1506.0
12899,transgender_surgeries,asktransgender,114.0
12900,transgenderuk,asktransgender,149.0
12901,transvoice,asktransgender,47.0
12902,transgender_surgeries,mtf,72.0
12903,transgenderuk,mtf,57.0
12904,transvoice,mtf,52.0
12922,translater,trans,64.0
12924,transpositive,trans,67.0
12931,transpositive,translater,26.0
12936,nova,gmu,22.0
12938,washingtondc,nova,256.0
12941,comicbooks,batman,90.0
12944,dccomics,batman,256.0
12955,comicbooks,comicbookart,22.0
12968,comicbooks,comicbookcollecting,81.0
12983,dccomics,comicbooks,546.0
12984,graphicnovels,comicbooks,93.0
12985,imagecomics,comicbooks,35.0
12987,marvel,comicbooks,532.0
12991,xmen,comicbooks,77.0
13017,marvel,dccomics,178.0
13019,superman,dccomics,90.0
13020,theflash,dccomics,23.0
13047,xmen,marvel,136.0
13060,marvellegends,actionfigures,47.0
13061,starwarscollecting,actionfigures,34.0
13072,toyexchange,marvellegends,27.0
13080,austrian_economics,anarcho_capitalism,42.0
13081,goldandblack,anarcho_capitalism,224.0
13083,shitstatistssay,anarcho_capitalism,23.0
13091,ronpaul,libertarian,111.0
13093,communism101,communism,70.0
13097,latestagecapitalism,communism,23.0
13100,socialism,communism,260.0
13103,debatecommunism,communism101,55.0
13108,socialism,communism101,47.0
13109,socialism_101,communism101,154.0
13110,debatecommunism,debateacommunist,24.0
13122,socialism_101,debatecommunism,37.0
13126,socialism,fullcommunism,36.0
13130,socialism,latestagecapitalism,116.0
13137,socialism_101,socialism,120.0
13138,anarchy101,anarchism,115.0
13139,debateanarchism,anarchism,21.0
13141,debateanarchism,anarchy101,28.0
13202,physics,askphysics,91.0
13204,physicsstudents,askphysics,174.0
13227,survivorau,survivor,29.0
13243,nativeamerican,indiancountry,40.0
13281,gamedev,gamedesign,259.0
13282,gameideas,gamedesign,45.0
13285,indiedev,gamedesign,43.0
13286,indiegaming,gamedesign,24.0
13293,gameideas,gamedev,52.0
13294,gamemaker,gamedev,60.0
13295,godot,gamedev,42.0
13296,indiedev,gamedev,296.0
13297,indiegaming,gamedev,178.0
13298,opengl,gamedev,30.0
13300,playmygame,gamedev,39.0
13302,roguelikedev,gamedev,24.0
13306,indiedev,gameideas,23.0
13315,indiedev,gamemaker,23.0
13323,indiedev,godot,26.0
13331,indiegaming,indiedev,163.0
13334,playmygame,indiedev,148.0
13340,playmygame,indiegaming,155.0
13358,roguelikes,roguelikedev,28.0
13362,tmobile,sprint,67.0
13364,verizon,tmobile,60.0
13540,periwinkle,orangered,37.0
13608,shittyaskscience,shittyaskreddit,23.0
13618,mcservers,mcrealmsservers,57.0
13619,minecraftbuddies,mcrealmsservers,469.0
13622,minecraftbuddies,mcservers,246.0
13625,minecraftbuilds,minecraftbuddies,27.0
13633,santaslittlehelpers,randomactsofchristmas,111.0
13640,gre,gmat,40.0
13641,mba,gmat,56.0
13663,golfgti,golf_r,23.0
13669,volkswagen,golfgti,187.0
13671,volkswagen,jetta,157.0
13672,volkswagen,tdi,61.0
13675,rocketleagueexchange,lowtiertradingrl,3783.0
13676,rocketleague,rlfashionadvice,51.0
13677,rocketleagueexchange,rlfashionadvice,60.0
13678,rocketleagueexchange,rocketleague,300.0
13679,piercing,bodymods,148.0
13680,stretched,bodymods,37.0
13681,stretched,piercing,87.0
13682,pubattlegrounds,competitivepubg,67.0
13688,haircarescience,femalehairadvice,84.0
13690,skincare_addiction,30plusskincare,31.0
13691,skincareaddiction,30plusskincare,112.0
13692,skincareaddictionuk,30plusskincare,22.0
13693,skincareaddicts,30plusskincare,40.0
13696,skincareaddiction,asianbeauty,164.0
13700,skincareaddiction,skincare_addiction,206.0
13701,skincareaddictionuk,skincare_addiction,53.0
13702,skincareaddicts,skincare_addiction,130.0
13704,skincareaddictionuk,skincareaddiction,222.0
13705,skincareaddicts,skincareaddiction,229.0
13706,tretinoin,skincareaddiction,184.0
13707,skincareaddicts,skincareaddictionuk,49.0
13708,tretinoin,skincareaddictionuk,25.0
13713,space,astronomy,81.0
13724,space,nasa,56.0
13729,spaceflight,space,34.0
13731,spacexlounge,space,23.0
13756,makeupexchange,asianbeautyexchange,33.0
13759,skincareexchange,asianbeautyexchange,176.0
13774,skincareexchange,makeupexchange,56.0
13842,britishcolumbia,alberta,46.0
13844,calgary,alberta,102.0
13845,canada,alberta,22.0
13850,edmonton,alberta,143.0
13863,ontario,alberta,32.0
13867,saskatchewan,alberta,22.0
13877,canada,askto,23.0
13887,legaladvicecanada,askto,23.0
13890,mississauga,askto,52.0
13895,ontario,askto,155.0
13896,personalfinancecanada,askto,56.0
13901,toronto,askto,47.0
13938,canada,britishcolumbia,28.0
13956,ontario,britishcolumbia,35.0
13963,vancouver,britishcolumbia,97.0
13973,hamilton,burlingtonon,34.0
14000,edmonton,calgary,82.0
14025,canadapolitics,canada,55.0
14029,immigrationcanada,canada,23.0
14039,onguardforthee,canada,31.0
14040,ontario,canada,69.0
14041,personalfinancecanada,canada,31.0
14046,toronto,canada,38.0
14047,vancouver,canada,33.0
14228,waterloo,kitchener,376.0
14255,ontario,legaladvicecanada,36.0
14256,personalfinancecanada,legaladvicecanada,63.0
14300,ontario,mississauga,22.0
14315,quebec,montreal,23.0
14356,personalfinancecanada,ontario,66.0
14361,toronto,ontario,98.0
14380,saskatchewan,regina,27.0
14381,saskatoon,regina,33.0
14386,saskatoon,saskatchewan,41.0
14417,weddingplanning,justengaged,22.0
14423,weddingdress,wedding,24.0
14424,weddingplanning,wedding,421.0
14425,weddingsunder10k,wedding,81.0
14426,weddingplanning,weddingdress,45.0
14428,weddingsunder10k,weddingplanning,241.0
15132,ploungeafterdark,mlplounge,116.0
15175,steam_giveaway,free,23.0
15191,randomactsofgaming,giftofgames,52.0
15205,flashtv,arrow,208.0
15209,legendsoftomorrow,arrow,96.0
15213,supergirltv,arrow,75.0
15217,legendsoftomorrow,flashtv,113.0
15221,supergirltv,flashtv,88.0
15243,supergirltv,legendsoftomorrow,76.0
15255,marvelstudios,defenders,71.0
15260,shield,marvelstudios,55.0
15289,pakistan,chutyapa,22.0
15312,islam,hijabis,53.0
15350,progressive_islam,islam,284.0
15353,shia,islam,25.0
15418,resissues,enhancement,22.0
15480,narcissisticabuse,lifeafternarcissism,145.0
15481,raisedbynarcissists,lifeafternarcissism,184.0
15482,raisedbynarcissists,narcissisticabuse,53.0
15568,modhelp,automoderator,36.0
15583,redditmobile,beta,27.0
15596,help,bugs,95.0
15602,redditmobile,bugs,24.0
15613,modhelp,help,54.0
15617,redditmobile,help,53.0
15626,modsupport,modhelp,119.0
15657,scotch,bourbon,28.0
15659,whiskey,bourbon,71.0
15704,whiskey,scotch,64.0
15705,whisky,scotch,31.0
15712,whisky,whiskey,36.0
15718,depression,anxiety,1714.0
15733,campingandhiking,appalachiantrail,27.0
15737,hiking,appalachiantrail,22.0
15744,campingandhiking,camping,299.0
15745,campinggear,camping,130.0
15748,hiking,camping,81.0
15751,outdoors,camping,34.0
15754,wildernessbackpacking,camping,58.0
15755,campinggear,campingandhiking,183.0
15758,hiking,campingandhiking,264.0
15760,nationalpark,campingandhiking,28.0
15761,outdoors,campingandhiking,43.0
15764,wildernessbackpacking,campingandhiking,205.0
15767,hiking,campinggear,47.0
15773,wildernessbackpacking,campinggear,50.0
15774,hammocks,hammockcamping,45.0
15791,outdoors,hiking,43.0
15794,wildernessbackpacking,hiking,68.0
15819,mountaineering,alpinism,65.0
15844,skiing,backcountry,37.0
15847,climbing,bouldering,81.0
15900,snowboarding,skiing,113.0
15904,cptsd,addiction,25.0
15906,mentalhealth,addiction,60.0
15911,bpd,adultsurvivors,25.0
15913,cptsd,adultsurvivors,146.0
15915,mentalhealth,adultsurvivors,21.0
15916,ptsd,adultsurvivors,70.0
15917,survivorsofabuse,adultsurvivors,74.0
15919,therapy,adultsurvivors,35.0
15920,codependency,bpd,29.0
15921,cptsd,bpd,185.0
15923,mentalhealth,bpd,217.0
15924,ptsd,bpd,126.0
15925,survivorsofabuse,bpd,34.0
15926,talktherapy,bpd,27.0
15927,therapy,bpd,41.0
15928,cptsd,codependency,42.0
15936,mentalhealth,cptsd,111.0
15937,ptsd,cptsd,443.0
15938,survivorsofabuse,cptsd,73.0
15939,talktherapy,cptsd,68.0
15940,therapy,cptsd,68.0
15946,ptsd,mentalhealth,122.0
15947,survivorsofabuse,mentalhealth,29.0
15948,talktherapy,mentalhealth,63.0
15949,therapy,mentalhealth,373.0
15950,survivorsofabuse,ptsd,70.0
15951,talktherapy,ptsd,29.0
15952,therapy,ptsd,60.0
15954,therapy,survivorsofabuse,30.0
15955,therapy,talktherapy,188.0
15964,1500isplenty,1200isplenty,44.0
15965,loseit,1200isplenty,64.0
15969,progresspics,loseit,52.0
15971,fuckeatingdisorders,bingeeatingdisorder,27.0
15983,themoddingofisaac,bindingofisaac,89.0
16014,northernlion,nlsscirclejerk,56.0
16029,truetf2,tf2,387.0
16038,bassguitar,bass,203.0
16043,guitar,bass,129.0
16051,luthier,bass,41.0
16053,musictheory,bass,26.0
16076,guitar,classicalguitar,45.0
16095,guitarpedals,diypedals,71.0
16125,letstradepedals,gear4sale,115.0
16131,guitaramps,guitar,247.0
16133,guitarlessons,guitar,454.0
16134,guitarpedals,guitar,265.0
16135,guitars,guitar,381.0
16136,jazzguitar,guitar,58.0
16138,luthier,guitar,246.0
16139,metalguitar,guitar,80.0
16140,musictheory,guitar,111.0
16141,offset,guitar,35.0
16145,guitarpedals,guitaramps,36.0
16146,guitars,guitaramps,27.0
16165,guitars,guitarlessons,133.0
16166,jazzguitar,guitarlessons,42.0
16169,metalguitar,guitarlessons,26.0
16170,musictheory,guitarlessons,81.0
16173,guitars,guitarpedals,21.0
16183,luthier,guitars,39.0
16191,musictheory,jazzguitar,183.0
16236,shareyourmusic,musicinthemaking,109.0
16238,thisisourmusic,musicinthemaking,160.0
16240,thisisourmusic,shareyourmusic,460.0
16246,funny,askreddit,61.0
16253,showerthoughts,askreddit,133.0
16265,jokes,funny,491.0
16283,showerthoughts,jokes,61.0
16302,dndnext,3d6,384.0
16322,rstats,askstatistics,50.0
16323,statistics,askstatistics,378.0
16325,atheismrebooted,atheism,32.0
16327,debateanatheist,atheism,29.0
16328,debatereligion,atheism,26.0
16330,exchristian,atheism,183.0
16333,trueatheism,atheism,104.0
16342,debateanatheist,debateachristian,23.0
16343,debatereligion,debateachristian,116.0
16349,debatereligion,debateanatheist,46.0
16367,statistics,rstats,80.0
16372,catholicism,anglicanism,40.0
16374,christianity,anglicanism,177.0
16378,openchristian,anglicanism,21.0
16379,orthodoxchristianity,anglicanism,24.0
16385,truechristian,anglicanism,33.0
16388,christian,askachristian,35.0
16389,christianity,askachristian,183.0
16393,openchristian,askachristian,21.0
16400,truechristian,askachristian,36.0
16415,christian,catholicism,108.0
16416,christianity,catholicism,627.0
16420,openchristian,catholicism,26.0
16421,orthodoxchristianity,catholicism,124.0
16423,reformed,catholicism,32.0
16425,theology,catholicism,22.0
16426,traditionalcatholics,catholicism,131.0
16427,truechristian,catholicism,134.0
16428,christianity,christian,865.0
16431,nofapchristians,christian,33.0
16432,openchristian,christian,65.0
16433,orthodoxchristianity,christian,32.0
16435,reformed,christian,37.0
16439,truechristian,christian,453.0
16441,judaism,christianity,61.0
16442,nofapchristians,christianity,98.0
16443,openchristian,christianity,295.0
16444,orthodoxchristianity,christianity,185.0
16445,radicalchristianity,christianity,84.0
16446,reformed,christianity,160.0
16448,theology,christianity,62.0
16449,traditionalcatholics,christianity,24.0
16450,truechristian,christianity,1616.0
16477,truechristian,nofapchristians,54.0
16479,radicalchristianity,openchristian,86.0
16484,truechristian,openchristian,77.0
16490,truechristian,orthodoxchristianity,76.0
16495,truechristian,radicalchristianity,28.0
16499,truechristian,reformed,118.0
16504,truechristian,theology,21.0
16506,abletonlive,ableton,208.0
16510,edmproduction,ableton,231.0
16511,fl_studio,ableton,107.0
16512,futurebeatproducers,ableton,45.0
16514,logic_studio,ableton,34.0
16517,musicproduction,ableton,121.0
16520,synthrecipes,ableton,27.0
16523,trapproduction,ableton,26.0
16524,wearethemusicmakers,ableton,245.0
16528,edmproduction,abletonlive,59.0
16529,fl_studio,abletonlive,23.0
16530,futurebeatproducers,abletonlive,23.0
16535,musicproduction,abletonlive,24.0
16542,wearethemusicmakers,abletonlive,46.0
16561,edmproduction,beatmatch,24.0
16575,wearethemusicmakers,beatmatch,22.0
16591,fl_studio,edmproduction,186.0
16592,futurebeatproducers,edmproduction,75.0
16594,logic_studio,edmproduction,41.0
16597,musicproduction,edmproduction,237.0
16600,synthrecipes,edmproduction,74.0
16601,technoproduction,edmproduction,39.0
16603,trapproduction,edmproduction,110.0
16604,wearethemusicmakers,edmproduction,797.0
16605,futurebeatproducers,fl_studio,45.0
16606,lofihiphop,fl_studio,22.0
16607,logic_studio,fl_studio,26.0
16608,maschine,fl_studio,21.0
16610,musicproduction,fl_studio,154.0
16613,synthrecipes,fl_studio,21.0
16616,trapproduction,fl_studio,118.0
16617,wearethemusicmakers,fl_studio,242.0
16622,musicproduction,futurebeatproducers,42.0
16628,trapproduction,futurebeatproducers,49.0
16629,wearethemusicmakers,futurebeatproducers,77.0
16643,musicproduction,logic_studio,47.0
16650,wearethemusicmakers,logic_studio,116.0
16667,wearethemusicmakers,musicbattlestations,30.0
16670,synthrecipes,musicproduction,21.0
16671,technoproduction,musicproduction,23.0
16673,trapproduction,musicproduction,107.0
16674,wearethemusicmakers,musicproduction,473.0
16689,wearethemusicmakers,synthrecipes,43.0
16692,wearethemusicmakers,technoproduction,27.0
16695,wearethemusicmakers,trapproduction,160.0
16700,synthesizers,modular,63.0
16776,trap,edm,26.0
16788,dnd,dmacademy,1706.0
16789,dnd5e,dmacademy,141.0
16790,dndbehindthescreen,dmacademy,75.0
16791,dndhomebrew,dmacademy,185.0
16792,dungeonsanddragons,dmacademy,285.0
16794,mattcolville,dmacademy,151.0
16795,dnd5e,dnd,547.0
16796,dndbehindthescreen,dnd,188.0
16797,dndhomebrew,dnd,600.0
16798,dungeonsanddragons,dnd,1972.0
16800,mattcolville,dnd,240.0
16802,dndhomebrew,dnd5e,88.0
16803,dungeonsanddragons,dnd5e,301.0
16805,mattcolville,dnd5e,31.0
16807,dungeonsanddragons,dndbehindthescreen,22.0
16810,dungeonsanddragons,dndhomebrew,124.0
16812,mattcolville,dndhomebrew,22.0
16814,mattcolville,dungeonsanddragons,44.0
16820,rpg,askgamemasters,90.0
16825,rpg,faterpg,50.0
16829,rpg,loremasters,81.0
16834,rpg,osr,122.0
16836,rpgdesign,rpg,214.0
16848,intermittentfasting,fasting,278.0
16849,keto,fasting,37.0
16854,omad,fasting,31.0
16858,keto,intermittentfasting,85.0
16863,omad,intermittentfasting,91.0
16867,keto_food,keto,21.0
16869,ketorecipes,keto,140.0
16870,ketoscience,keto,85.0
16873,xxketo,keto,365.0
16874,zerocarb,keto,33.0
16896,zerocarb,ketoscience,26.0
16907,festivals,aves,128.0
17005,indie_rock,classicrock,30.0
17011,stonerrock,classicrock,23.0
17043,indie_rock,indie,121.0
17054,psychedelicrock,indie_rock,45.0
17056,stonerrock,indie_rock,33.0
17074,stonerrock,psychedelicrock,30.0
17083,fayetteville,arkansas,22.0
17185,leagueconnect,gamerpals,79.0
17197,teamredditteams,gamerpals,32.0
17228,teamredditteams,leagueconnect,2280.0
17272,r6steams,overwatchlft,23.0
17278,teamredditteams,overwatchlft,26.0
17293,rocketleaguefriends,r6steams,28.0
17337,eatcheapandhealthy,budgetfood,38.0
17342,fitmeals,eatcheapandhealthy,22.0
17343,healthyfood,eatcheapandhealthy,51.0
17344,mealprepsunday,eatcheapandhealthy,42.0
17355,vegan,animalrights,56.0
17364,vegan,debateavegan,35.0
17372,vegan,plantbaseddiet,97.0
17374,veganfitness,plantbaseddiet,29.0
17386,vegancirclejerk,vegan,40.0
17387,veganfitness,vegan,120.0
17389,veganrecipes,vegan,120.0
17390,vegetarian,vegan,181.0
17391,vegetarianism,vegan,26.0
17406,vegetarianism,vegetarian,27.0
17407,pen_swap,edcexchange,37.0
17415,seiko,japanesewatches,24.0
17416,watches,japanesewatches,34.0
17420,watches,rolex,38.0
17423,watches,seiko,53.0
17430,grilling,bbq,92.0
17433,smoking,bbq,267.0
17442,smoking,grilling,61.0
17447,smoking,pelletgrills,55.0
17448,traeger,pelletgrills,29.0
17449,traeger,smoking,32.0
17450,diyelectronics,askelectronics,66.0
17451,electronics,askelectronics,146.0
17464,blacksmithing,blacksmith,108.0
17465,bladesmith,blacksmith,72.0
17470,knifemaking,blacksmith,24.0
17486,knifeclub,bladesmith,60.0
17487,knifemaking,bladesmith,183.0
17488,knives,bladesmith,73.0
17493,knifeclub,edc,49.0
17495,knives,edc,78.0
17509,knifemaking,knifeclub,65.0
17510,knives,knifeclub,546.0
17513,knives,knifemaking,77.0
17520,cooking,askculinary,517.0
17521,cookingforbeginners,askculinary,70.0
17526,cookingforbeginners,cooking,281.0
17529,recipes,cooking,314.0
17533,recipes,cookingforbeginners,31.0
17547,gamingsuggestions,askgames,326.0
17549,shouldibuythisgame,askgames,86.0
17550,patientgamers,gamingsuggestions,70.0
17551,shouldibuythisgame,gamingsuggestions,533.0
17552,shouldibuythisgame,patientgamers,58.0
17565,indiegameswap,gametrade,5171.0
17567,steamgameswap,gametrade,6619.0
17572,steamgameswap,indiegameswap,9611.0
17579,stevenuniverse,beachcity,130.0
17607,suleaks,stevenuniverse,21.0
17613,schoolidolfestival,lovelive,26.0
17655,redhotchilipeppers,john_frusciante,32.0
17659,radioheadcirclejerk,radiohead,22.0
17689,budgetaudiophile,audio,138.0
17690,hoi4,eu4,47.0
17694,paradoxplaza,eu4,315.0
17695,victoria2,eu4,23.0
17696,kaiserreich,hoi4,28.0
17699,paradoxplaza,hoi4,157.0
17708,paradoxplaza,paradoxextra,21.0
17710,victoria2,paradoxplaza,164.0
17711,crusaderkings,ck2gameofthrones,31.0
17714,politicaldiscussion,ask_politics,36.0
17739,northcarolina,bullcity,31.0
17740,raleigh,bullcity,113.0
17742,triangle,bullcity,180.0
17758,virginia,norfolk,22.0
17761,raleigh,northcarolina,70.0
17763,triangle,northcarolina,59.0
17768,triangle,raleigh,356.0
17773,virginia,rva,30.0
17786,siberianhusky,husky,51.0
17873,cars,askcarguys,38.0
17875,cartalk,askcarguys,97.0
17946,cars,autodetailing,58.0
17981,cars,autos,308.0
17983,cartalk,autos,92.0
18005,projectcar,autos,31.0
18080,cars,bmw,111.0
18082,cartalk,bmw,41.0
18113,cartalk,cars,318.0
18116,classiccars,cars,31.0
18121,ford,cars,51.0
18124,honda,cars,95.0
18126,mercedes_benz,cars,40.0
18127,miata,cars,47.0
18130,mustang,cars,59.0
18132,nissan,cars,36.0
18135,projectcar,cars,76.0
18174,civic,cartalk,23.0
18180,ford,cartalk,37.0
18183,honda,cartalk,114.0
18189,mustang,cartalk,21.0
18191,nissan,cartalk,31.0
18194,projectcar,cartalk,64.0
18238,honda,civic,203.0
18385,mustang,ford,37.0
18552,whatisthiscar,namethatcar,24.0
18608,4x4,4runner,34.0
18627,jeep,4x4,66.0
18629,overlanding,4x4,31.0
18631,trucks,4x4,48.0
18638,jeep,cherokeexj,96.0
18652,trucks,chevytrucks,50.0
18654,forddiesels,diesel,46.0
18661,trucks,diesel,50.0
18672,jeep,grandcherokee,116.0
18688,wrangler,jeep,284.0
18696,trucks,ram_trucks,49.0
18699,snakes,herpetology,21.0
18702,aquariums,aquarium,312.0
18710,fishtank,aquarium,35.0
18716,plantedtank,aquarium,48.0
18721,aquascape,aquariums,86.0
18723,axolotls,aquariums,32.0
18724,bettafish,aquariums,328.0
18725,cichlid,aquariums,106.0
18728,fishtank,aquariums,83.0
18730,goldfish,aquariums,69.0
18734,plantedtank,aquariums,733.0
18735,reeftank,aquariums,220.0
18737,shrimptank,aquariums,164.0
18751,plantedtank,aquascape,114.0
18796,plantedtank,bettafish,46.0
18816,geckos,crestedgecko,34.0
18850,leopardgeckos,geckos,50.0
18884,shrimptank,plantedtank,58.0
18894,amiugly,amihot,26.0
18903,amiugly,amisexy,344.0
18906,rateme,amisexy,107.0
18909,rateme,amiugly,251.0
18949,parrots,budgies,95.0
18951,parrots,cockatiel,139.0
18953,partyparrot,parrots,21.0
18960,engineeringstudents,chemicalengineering,94.0
18990,cybersecurity,asknetsec,42.0
18992,hacking,asknetsec,46.0
18993,howtohack,asknetsec,57.0
18995,netsecstudents,asknetsec,108.0
18997,security,asknetsec,51.0
19016,hacking,cybersecurity,39.0
19017,howtohack,cybersecurity,44.0
19019,netsecstudents,cybersecurity,66.0
19021,security,cybersecurity,82.0
19028,howtohack,hacking,141.0
19030,netsecstudents,hacking,27.0
19032,security,hacking,26.0
19034,netsecstudents,howtohack,39.0
19043,onions,deepweb,53.0
19045,tor,onions,102.0
19047,fitness,advancedfitness,32.0
19056,fitness,bodybuilding,144.0
19066,gainit,fitness,169.0
19069,powerlifting,fitness,34.0
19072,weightroom,fitness,65.0
19097,weightroom,powerlifting,78.0
19101,cad,askengineers,31.0
19102,engineering,askengineers,352.0
19103,mechanicalengineering,askengineers,188.0
19107,solidworks,cad,43.0
19108,mechanicalengineering,engineering,67.0
19111,hobbycnc,cnc,88.0
19112,cr10,3dprinting,127.0
19113,fixmyprint,3dprinting,161.0
19114,functionalprint,3dprinting,34.0
19116,mpselectminiowners,3dprinting,31.0
19117,reprap,3dprinting,83.0
19137,minnesota,minneapolis,100.0
19138,twincities,minneapolis,226.0
19139,twincitiessocial,minneapolis,28.0
19140,twincities,minnesota,81.0
19142,twincitiessocial,twincities,29.0
19145,homedecorating,designmyroom,61.0
19146,mac,applehelp,746.0
19147,osx,applehelp,131.0
19148,osx,mac,181.0
19165,somethingimade,crafts,25.0
19198,paleontology,dinosaurs,57.0
19207,samsung,galaxynote5,21.0
19213,galaxys8,galaxynote8,42.0
19214,samsung,galaxynote8,38.0
19215,galaxys8,galaxys7,22.0
19216,samsung,galaxys7,80.0
19217,samsung,galaxys8,94.0
19238,realestate,commercialrealestate,43.0
19239,realestateinvesting,commercialrealestate,31.0
19247,realestate,financialplanning,23.0
19249,realestateinvesting,realestate,404.0
19250,personalfinance,leanfire,28.0
19254,youtube_startups,getmoreviewsyt,630.0
19255,renewableenergy,energy,35.0
19257,solar,renewableenergy,28.0
19270,teslamotors,teslamodel3,54.0
19278,transhumanism,singularity,23.0
19279,thedavidpakmanshow,seculartalk,33.0
19282,simracing,iracing,191.0
19283,simracing,pcars,64.0
19288,political_revolution,berniesanders,24.0
19289,sandersforpresident,berniesanders,39.0
19291,wayofthebern,berniesanders,35.0
19310,political_revolution,kossacks_for_sanders,86.0
19311,sandersforpresident,kossacks_for_sanders,68.0
19313,wayofthebern,kossacks_for_sanders,319.0
19314,sandersforpresident,political_revolution,239.0
19316,wayofthebern,political_revolution,194.0
19318,wayofthebern,sandersforpresident,170.0
19324,decidingtobebetter,confidence,109.0
19326,getdisciplined,confidence,31.0
19328,nofap,confidence,34.0
19331,productivity,confidence,23.0
19332,selfimprovement,confidence,108.0
19333,socialskills,confidence,201.0
19336,findapath,decidingtobebetter,31.0
19337,getdisciplined,decidingtobebetter,358.0
19338,getstudying,decidingtobebetter,37.0
19339,nofap,decidingtobebetter,51.0
19342,productivity,decidingtobebetter,216.0
19343,selfimprovement,decidingtobebetter,1013.0
19344,socialskills,decidingtobebetter,170.0
19346,zenhabits,decidingtobebetter,47.0
19347,getdisciplined,findapath,47.0
19350,nosurf,findapath,27.0
19352,productivity,findapath,23.0
19353,selfimprovement,findapath,29.0
19357,getstudying,getdisciplined,117.0
19358,nofap,getdisciplined,34.0
19359,nosurf,getdisciplined,48.0
19361,productivity,getdisciplined,445.0
19362,selfimprovement,getdisciplined,438.0
19363,socialskills,getdisciplined,60.0
19367,nosurf,getstudying,36.0
19369,productivity,getstudying,98.0
19370,selfimprovement,getstudying,34.0
19377,selfimprovement,nofap,128.0
19378,socialskills,nofap,60.0
19382,productivity,nosurf,37.0
19392,selfimprovement,productivity,313.0
19393,socialskills,productivity,41.0
19396,socialskills,selfimprovement,371.0
19398,zenhabits,selfimprovement,43.0
19413,india,bakchodi,33.0
19415,indianews,bakchodi,34.0
19417,indiaspeaks,bakchodi,91.0
19422,chennai,bangalore,21.0
19423,delhi,bangalore,37.0
19424,hyderabad,bangalore,21.0
19425,india,bangalore,179.0
19429,indiaspeaks,bangalore,24.0
19432,mumbai,bangalore,31.0
19436,india,bollywood,27.0
19446,india,chennai,49.0
19454,hyderabad,delhi,22.0
19455,india,delhi,126.0
19462,mumbai,delhi,32.0
19463,india,hyderabad,54.0
19471,indiainvestments,india,54.0
19472,indianews,india,59.0
19474,indiaspeaks,india,454.0
19475,kerala,india,39.0
19477,mumbai,india,141.0
19485,indiaspeaks,indianews,150.0
19495,mumbai,indiaspeaks,27.0
19507,beards,beardadvice,129.0
19508,malegrooming,beardadvice,24.0
19511,malegrooming,beards,65.0
19513,moustache,beards,21.0
19514,malehairadvice,malegrooming,295.0
19519,wicked_edge,wetshaving,197.0
19520,callofduty,blackops3,67.0
19521,codzombies,blackops3,88.0
19524,codzombies,callofduty,43.0
19527,infinitewarfare,codzombies,21.0
19531,esist,antitrumpalliance,36.0
19538,esist,bluemidterm2018,24.0
19546,marchagainsttrump,esist,65.0
19634,worldpolitics,economy,24.0
19642,worldpolitics,endlesswar,45.0
19664,worldpolitics,politic,183.0
19671,dating_advice,askmenadvice,160.0
19673,relationship_advice,askmenadvice,276.0
19676,relationship_advice,dating_advice,4866.0
19678,relationship_advice,infidelity,96.0
19679,survivinginfidelity,infidelity,101.0
19680,survivinginfidelity,relationship_advice,143.0
19682,learnart,artistlounge,62.0
19687,malefashionadvice,frugalmalefashion,137.0
19690,malefashionadvice,goodyearwelt,68.0
19694,rawdenim,malefashionadvice,43.0
19697,ppc,adops,28.0
19698,ppc,digitalmarketing,85.0
19699,androidapps,android,216.0
19700,androidgaming,android,28.0
19701,androidquestions,android,184.0
19702,googlepixel,android,63.0
19711,androidgaming,androidapps,106.0
19712,androidquestions,androidapps,674.0
19713,googlepixel,androidapps,21.0
19722,androidquestions,androidgaming,42.0
19732,googlepixel,androidquestions,210.0
19733,htcone,androidquestions,64.0
19734,lgg2,androidquestions,21.0
19736,nexus5x,androidquestions,26.0
19737,pickanandroidforme,androidquestions,310.0
19745,pickanandroidforme,googlepixel,22.0
19746,projectfi,googlepixel,26.0
19780,design_critiques,design,77.0
19783,graphic_design,design,222.0
19787,typography,design,23.0
19790,graphic_design,design_critiques,74.0
19792,logo_critique,design_critiques,138.0
19793,logodesign,design_critiques,63.0
19808,logodesign,graphic_design,49.0
19809,typography,graphic_design,36.0
19813,logodesign,logo_critique,42.0
19817,historywhatif,alternatehistory,137.0
19818,stevenaveryisguilty,makingamurderer,67.0
19819,ticktockmanitowoc,makingamurderer,77.0
19820,ticktockmanitowoc,stevenaveryisguilty,56.0
19822,homeautomation,googlehome,66.0
19823,smarthome,googlehome,56.0
19824,smartthings,googlehome,24.0
19826,homeautomation,homeassistant,102.0
19827,smarthome,homeassistant,36.0
19830,smarthome,homeautomation,296.0
19831,smartthings,homeautomation,80.0
19832,winkhub,homeautomation,23.0
19833,smartthings,smarthome,65.0
19857,hue,homekit,27.0
19873,amd_stock,amd,27.0
19874,amdhelp,amd,232.0
19876,buildapc,amd,776.0
19879,buildmeapc,amd,23.0
19886,intel,amd,76.0
19889,monitors,amd,27.0
19890,nvidia,amd,88.0
19892,overclocking,amd,126.0
19893,pcmasterrace,amd,435.0
19896,sffpc,amd,25.0
19897,techsupport,amd,83.0
19925,buildapc,amdhelp,445.0
19941,overclocking,amdhelp,128.0
19942,pcmasterrace,amdhelp,245.0
19946,techsupport,amdhelp,1327.0
19971,buildapcforme,buildapc,650.0
19973,buildmeapc,buildapc,2621.0
19975,cablemanagement,buildapc,32.0
19977,corsair,buildapc,202.0
19978,gamingpc,buildapc,141.0
19980,intel,buildapc,254.0
19983,monitors,buildapc,1297.0
19984,nvidia,buildapc,449.0
19985,nzxt,buildapc,216.0
19986,overclocking,buildapc,516.0
19987,pcmasterrace,buildapc,10002.0
19988,pcmasterracebuilds,buildapc,346.0
19989,pcmods,buildapc,132.0
19990,sffpc,buildapc,347.0
19991,techsupport,buildapc,5934.0
19992,watercooling,buildapc,287.0
19994,buildmeapc,buildapcforme,293.0
20008,pcmasterrace,buildapcforme,37.0
20047,pcmasterrace,buildmeapc,685.0
20048,pcmasterracebuilds,buildmeapc,84.0
20051,techsupport,buildmeapc,179.0
20090,hardwareswap,canadianhardwareswap,179.0
20113,pcmasterrace,corsair,180.0
20117,techsupport,corsair,67.0
20134,mechmarket,hardwareswap,519.0
20151,overclocking,intel,143.0
20152,pcmasterrace,intel,138.0
20156,techsupport,intel,87.0
20179,nvidia,monitors,39.0
20182,pcmasterrace,monitors,523.0
20186,techsupport,monitors,391.0
20189,overclocking,nvidia,67.0
20190,pcmasterrace,nvidia,434.0
20194,techsupport,nvidia,137.0
20197,pcmasterrace,nzxt,90.0
20203,pcmasterrace,overclocking,383.0
20207,techsupport,overclocking,153.0
20208,watercooling,overclocking,26.0
20209,pcmasterracebuilds,pcmasterrace,447.0
20210,pcmods,pcmasterrace,85.0
20211,sffpc,pcmasterrace,89.0
20212,techsupport,pcmasterrace,4224.0
20213,watercooling,pcmasterrace,153.0
20219,techsupport,pcmods,22.0
20238,suggestapc,suggestalaptop,60.0
20242,iphone,applewatch,23.0
20245,iosbeta,ios,52.0
20246,iphone,ios,354.0
20247,iphonehelp,ios,274.0
20249,iphone,iosbeta,31.0
20252,iphonehelp,iphone,301.0
20260,knitting,casualknitting,26.0
20266,knitting,crochet,149.0
20283,sewing,quilting,36.0
20286,ruby,rails,104.0
20310,web_design,css,74.0
20312,webdev,css,72.0
20313,wordpress,css,23.0
20337,javascript,frontend,31.0
20338,learnjavascript,frontend,53.0
20341,reactjs,frontend,56.0
20343,web_design,frontend,49.0
20345,webdev,frontend,161.0
20347,learnjavascript,javascript,170.0
20349,node,javascript,95.0
20350,reactjs,javascript,78.0
20352,web_design,javascript,32.0
20354,webdev,javascript,203.0
20357,node,learnjavascript,127.0
20358,reactjs,learnjavascript,131.0
20359,typescript,learnjavascript,27.0
20362,webdev,learnjavascript,188.0
20371,reactjs,node,81.0
20372,typescript,node,34.0
20375,webdev,node,102.0
20377,typescript,reactjs,28.0
20380,webdev,reactjs,145.0
20387,webdev,web_design,686.0
20388,wordpress,web_design,112.0
20391,wordpress,webdev,187.0
20397,devops,ansible,30.0
20431,devops,aws,81.0
20442,kubernetes,aws,21.0
20457,sysadmin,aws,45.0
20461,ccnp,ccna,63.0
20462,cisco,ccna,54.0
20473,itcareerquestions,ccna,34.0
20480,networking,ccna,36.0
20494,cisco,ccnp,23.0
20543,networking,cisco,148.0
20553,sysadmin,cisco,33.0
20561,freenas,datahoarder,29.0
20562,homelab,datahoarder,223.0
20565,homeserver,datahoarder,93.0
20583,sysadmin,datahoarder,22.0
20587,docker,devops,144.0
20595,itcareerquestions,devops,26.0
20597,kubernetes,devops,98.0
20598,linuxadmin,devops,50.0
20612,sysadmin,devops,154.0
20625,kubernetes,docker,102.0
20658,office365,exchangeserver,54.0
20667,sysadmin,exchangeserver,107.0
20697,homelab,freenas,45.0
20723,homenetworking,homelab,293.0
20724,homeserver,homelab,238.0
20732,networking,homelab,45.0
20735,pfsense,homelab,65.0
20740,selfhosted,homelab,84.0
20742,sysadmin,homelab,158.0
20743,vmware,homelab,50.0
20769,homeserver,homenetworking,33.0
20777,networking,homenetworking,102.0
20780,pfsense,homenetworking,37.0
20787,sysadmin,homenetworking,32.0
20806,selfhosted,homeserver,37.0
20828,sysadmin,itcareerquestions,152.0
20847,sysadmin,k12sysadmin,51.0
20882,sysadmin,linuxadmin,170.0
20918,office365,msp,27.0
20927,sysadmin,msp,175.0
20940,sysadmin,networking,216.0
20946,powershell,office365,25.0
20952,sysadmin,office365,154.0
20982,sysadmin,powershell,101.0
21003,sysadmin,sccm,74.0
21008,sysadmin,selfhosted,28.0
21016,vmware,sysadmin,96.0
21033,homeworkhelp,askmath,129.0
21034,learnmath,askmath,682.0
21036,math,askmath,67.0
21038,mathematics,askmath,68.0
21045,learnmath,homeworkhelp,583.0
21051,math,learnmath,233.0
21052,matheducation,learnmath,49.0
21053,mathematics,learnmath,163.0
21057,matheducation,math,29.0
21058,mathematics,math,53.0
21068,learnmachinelearning,computervision,135.0
21069,machinelearning,computervision,139.0
21070,mlquestions,computervision,54.0
21071,datasets,datascience,32.0
21072,learnmachinelearning,datascience,128.0
21073,machinelearning,datascience,105.0
21074,mlquestions,datascience,50.0
21075,learnmachinelearning,datasets,25.0
21076,machinelearning,datasets,27.0
21078,machinelearning,learnmachinelearning,298.0
21079,mlquestions,learnmachinelearning,822.0
21080,mlquestions,machinelearning,142.0
21110,linux,archlinux,22.0
21111,linux4noobs,archlinux,71.0
21116,linuxquestions,archlinux,165.0
21135,linuxquestions,bash,26.0
21148,linux4noobs,debian,63.0
21153,linuxquestions,debian,115.0
21165,linux4noobs,elementaryos,22.0
21181,linux4noobs,fedora,39.0
21186,linuxquestions,fedora,70.0
21215,linuxquestions,gnome,35.0
21235,linux4noobs,kde,32.0
21240,linuxquestions,kde,51.0
21246,linux4noobs,linux,89.0
21247,linux_gaming,linux,41.0
21251,linuxquestions,linux,113.0
21257,linux_gaming,linux4noobs,59.0
21259,linuxhardware,linux4noobs,36.0
21260,linuxmint,linux4noobs,120.0
21261,linuxquestions,linux4noobs,2411.0
21263,opensuse,linux4noobs,22.0
21270,linuxquestions,linux_gaming,64.0
21275,wine_gaming,linux_gaming,146.0
21285,linuxquestions,linuxhardware,73.0
21291,linuxquestions,linuxmint,118.0
21313,javahelp,java,73.0
21314,learnjava,java,25.0
21315,learnjava,javahelp,205.0
21328,dotnet,csharp,271.0
21349,lilpeep,gothboiclique,53.0
21359,ofwgkta,golfwang,24.0
21409,sneakerreps,repsneakers,222.0
21414,supremeclothing,supreme,61.0
21424,mycology,mushrooms,32.0
21429,humanoidencounters,highstrangeness,21.0
21431,paranormal,dreams,28.0
21434,paranormal,glitch_in_the_matrix,67.0
21436,thetruthishere,glitch_in_the_matrix,26.0
21438,thetruthishere,paranormal,132.0
21446,options,investing,95.0
21447,securityanalysis,investing,73.0
21448,stockmarket,investing,424.0
21449,stocks,investing,1015.0
21451,stockmarket,options,79.0
21452,stocks,options,154.0
21455,stocks,stockmarket,1048.0
21457,stackadvice,nootropics,184.0
21459,askdrugs,askdrugnerds,96.0
21460,drugnerds,askdrugnerds,28.0
21461,drugs,askdrugnerds,126.0
21467,drugnerds,askdrugs,42.0
21468,drugs,askdrugs,409.0
21472,researchchemicals,askdrugs,40.0
21474,drugs,drugnerds,83.0
21481,phenibut,drugs,44.0
21483,researchchemicals,drugs,338.0
21484,shroomers,drugs,28.0
21499,opiates,benzodiazepines,68.0
21504,opiates,cocaine,29.0
21505,stims,cocaine,34.0
21513,opiates,heroin,160.0
21515,stims,opiates,48.0
21523,energy_work,awakened,47.0
21527,occult,awakened,40.0
21528,psychic,awakened,140.0
21530,shamanism,awakened,32.0
21532,spirituality,awakened,962.0
21558,occult,energy_work,27.0
21559,psychic,energy_work,84.0
21563,spirituality,energy_work,113.0
21568,witchcraft,energy_work,25.0
21597,occult,magick,216.0
21598,psychic,magick,41.0
21600,shamanism,magick,31.0
21602,spirituality,magick,47.0
21604,thelema,magick,21.0
21606,wicca,magick,59.0
21607,witchcraft,magick,129.0
21609,psychic,occult,126.0
21610,satanism,occult,48.0
21611,shamanism,occult,64.0
21613,spirituality,occult,115.0
21615,thelema,occult,39.0
21617,wicca,occult,81.0
21618,witchcraft,occult,224.0
21621,shamanism,psychic,54.0
21623,spirituality,psychic,473.0
21627,wicca,psychic,28.0
21628,witchcraft,psychic,83.0
21640,spirituality,shamanism,85.0
21645,witchcraft,shamanism,35.0
21657,wicca,spirituality,29.0
21658,witchcraft,spirituality,61.0
21661,themindilluminated,streamentry,24.0
21672,witchcraft,wicca,239.0
21679,lsd,1p_lsd,49.0
21691,lsd,2cb,33.0
21700,dmt,ayahuasca,50.0
21705,psychedelics,ayahuasca,39.0
21706,psychonaut,ayahuasca,89.0
21707,rationalpsychonaut,ayahuasca,22.0
21709,shrooms,ayahuasca,22.0
21711,dmtguide,dmt,125.0
21712,lsd,dmt,135.0
21715,psychedelics,dmt,101.0
21716,psychonaut,dmt,274.0
21719,shrooms,dmt,71.0
21730,microdosing,lsd,113.0
21731,psilocybinmushrooms,lsd,38.0
21732,psychedelics,lsd,349.0
21733,psychonaut,lsd,651.0
21734,rationalpsychonaut,lsd,68.0
21736,shrooms,lsd,328.0
21737,tripsit,lsd,38.0
21738,psilocybinmushrooms,microdosing,35.0
21739,psychedelics,microdosing,46.0
21740,psychonaut,microdosing,73.0
21741,rationalpsychonaut,microdosing,28.0
21743,shrooms,microdosing,94.0
21745,psychedelics,psilocybinmushrooms,82.0
21746,psychonaut,psilocybinmushrooms,116.0
21747,rationalpsychonaut,psilocybinmushrooms,34.0
21749,shrooms,psilocybinmushrooms,233.0
21751,psychonaut,psychedelics,521.0
21752,rationalpsychonaut,psychedelics,65.0
21754,shrooms,psychedelics,272.0
21756,rationalpsychonaut,psychonaut,215.0
21757,salvia,psychonaut,25.0
21758,shrooms,psychonaut,536.0
21759,tripsit,psychonaut,27.0
21761,shrooms,rationalpsychonaut,67.0
21765,tripsit,shrooms,30.0
21766,truecrime,serialkillers,21.0
21768,truecrimediscussion,truecrime,98.0
21936,helicopters,aviation,31.0
22117,tanks,tankporn,22.0
22166,starwarscanon,mawinstallation,37.0
22168,starwarseu,mawinstallation,36.0
22171,starwarsspeculation,mawinstallation,24.0
22194,shopify,ecommerce,261.0
22195,entrepreneur,askmarketing,46.0
22196,marketing,askmarketing,384.0
22197,smallbusiness,askmarketing,62.0
22198,startups,askmarketing,22.0
22199,marketing,entrepreneur,365.0
22200,smallbusiness,entrepreneur,1436.0
22201,startups,entrepreneur,1104.0
22202,smallbusiness,marketing,165.0
22203,startups,marketing,114.0
22204,startups,smallbusiness,326.0
22207,moneromining,gpumining,23.0
22351,succulents,cactus,47.0
22379,insects,entomology,78.0
22390,whatsthisbug,entomology,45.0
22407,indoorgarden,houseplants,231.0
22411,plantclinic,houseplants,84.0
22412,plants,houseplants,161.0
22413,succulents,houseplants,49.0
22424,plantclinic,indoorgarden,30.0
22425,plants,indoorgarden,79.0
22426,succulents,indoorgarden,29.0
22444,whatsthisbug,insects,23.0
22467,plants,plantclinic,38.0
22476,succulents,plants,22.0
22514,manga,animesuggest,181.0
22516,animewallpaper,anime,26.0
22830,newsokur,newsokunomoral,99.0
22874,redditbay,bitmarket,94.0
22885,cryptocurrencies,blockchain,73.0
22966,r4r30plus,floridar4r,58.0
23048,r4rdfw,r4r30plus,27.0
23049,r4rtoronto,r4r30plus,23.0
23051,sfr4r,r4r30plus,37.0
23135,ethereumclassic,ethereum,35.0
23211,bitcoinbeginners,bitcoin,475.0
23212,bitcoinxt,bitcoin,40.0
23213,btc,bitcoin,1383.0
23214,trezor,bitcoin,37.0
23216,btc,bitcoinbeginners,64.0
23218,btc,bitcoinxt,67.0
23251,cryptomarkets,cryptocurrency,1007.0
23252,dashpay,cryptocurrency,24.0
23255,litecoin,cryptocurrency,69.0
23256,monero,cryptocurrency,41.0
23259,ripple,cryptocurrency,128.0
23271,ripple,cryptomarkets,112.0
23320,xmrtrader,monero,77.0
23412,playboicarti,liluzivert,62.0
