,Subreddit.j,Subreddit.i,new_estimate,hover_tag
42,mltp,eltp,0.1982,very mutualistic
53,mltp,nltp,0.18,very mutualistic
80,shotbow,minez,-0.2647,very competitive
84,magic,learnuselesstalents,0.3294,very mutualistic
101,magic,winstonsalem,0.224,very mutualistic
132,louisville,lexington,0.3296,very mutualistic
135,lexington,louisville,0.1698,very mutualistic
157,portugalcaralho,fcporto,0.1989,very mutualistic
181,benfica,portuguese,0.2253,very mutualistic
235,no_mans_sky,nomanshigh,0.2078,very mutualistic
298,circojeca,futebol,0.1812,very mutualistic
315,electronic_cigarette,authentic_vaping,0.2543,very mutualistic
332,openpv,canadian_ecigarette,0.2417,very mutualistic
375,electronic_cigarette,drunkvapes,0.4348,very mutualistic
390,electronic_cigarette,ecig_vendors,0.1626,very mutualistic
395,vapeporn,ecig_vendors,0.1666,very mutualistic
420,electronic_cigarette,ecr_eu,0.2098,very mutualistic
466,electronic_cigarette,openpv,0.2412,very mutualistic
481,electronic_cigarette,rba,0.3867,very mutualistic
496,electronic_cigarette,vapeitforward,0.191,very mutualistic
517,vaping101,vapeporn,0.3568,very mutualistic
525,ecr_eu,vaping,0.2143,very mutualistic
554,rainbow6,shittyrainbow6,0.247,very mutualistic
557,rainbow6,siegeacademy,0.2311,very mutualistic
560,allthingsterran,allthingsprotoss,0.2436,very mutualistic
574,allthingsprotoss,allthingszerg,0.1687,very mutualistic
599,starcraft,starcraft2,0.1772,very mutualistic
607,starcraft2,starcraft_strategy,0.1612,very mutualistic
608,starcraftcirclejerk,starcraft_strategy,-0.1984,very competitive
613,starcraft,starcraftcirclejerk,0.2411,very mutualistic
622,theticket,plano,0.1721,very mutualistic
637,lotr,thehobbit,0.2773,very mutualistic
640,lotr,tolkienfans,0.1624,very mutualistic
643,maplestory,chinchilla,0.176,very mutualistic
670,geegees,carletonu,0.188,very mutualistic
684,milwaukee,greenbaypackers,0.1884,very mutualistic
691,wisconsin,milwaukee,0.1702,very mutualistic
700,milwaukee,wisconsin,0.2044,very mutualistic
726,phinvest,exiglesianicristo,0.2011,very mutualistic
742,exiglesianicristo,phinvest,0.2283,very mutualistic
767,civclassics,civcraft,-0.2267,very competitive
849,cynicalbrit,cynicalbritofficial,0.2187,very mutualistic
850,moped,charleston,0.2721,very mutualistic
852,charleston,moped,0.282,very mutualistic
898,pkmntcg,pkmntcgtrades,0.2174,very mutualistic
916,pkmntcg,ptcgo,0.1669,very mutualistic
948,phantomforces,robloxgamedev,-0.2252,very competitive
975,wellington,auckland,0.3996,very mutualistic
980,personalfinancenz,chch,-0.1658,very competitive
1000,askhistory,wellington,0.1696,very mutualistic
1001,auckland,wellington,0.172,very mutualistic
1018,denmark,danishents,0.3152,very mutualistic
1032,reddevils,manchesterunited,-0.2448,very competitive
1058,madisonwi,graffiti,0.2168,very mutualistic
1063,bombing,madisonwi,0.189,very mutualistic
1065,graffiti,madisonwi,0.1776,very mutualistic
1066,stencils,madisonwi,0.2185,very mutualistic
1073,madisonwi,stencils,0.2111,very mutualistic
1083,blackbookgraffiti,streetart,0.2467,very mutualistic
1104,philadelphia,phillies,0.1779,very mutualistic
1112,gamedevclassifieds,hitsworthturkingfor,0.179,very mutualistic
1141,columbus,cleveland,0.2868,very mutualistic
1160,cleveland,columbus,0.1801,very mutualistic
1172,columbus,ohio,0.1983,very mutualistic
1179,browns,ohiostatefootball,0.2318,very mutualistic
1181,clevelandcavs,ohiostatefootball,-0.2123,very competitive
1257,yugioh101,tableau,0.2639,very mutualistic
1272,alaska,anchorage,0.2793,very mutualistic
1279,thedarktower,stephenking,0.2558,very mutualistic
1281,stephenking,thedarktower,0.2383,very mutualistic
1283,austin,lubbock,0.1964,very mutualistic
1314,planetside,millerplanetside,0.1709,very mutualistic
1338,briggs,ps2cobalt,0.2184,very mutualistic
1341,millerplanetside,ps2cobalt,0.255,very mutualistic
1360,planetside,testoutfit,0.3939,very mutualistic
1367,emeraldps2,woodmanps2,-0.1917,very competitive
1376,modestmouse,brandnew,0.2137,very mutualistic
1382,elgatogaming,commandandconquer,-0.1998,very competitive
1405,letsplay,letsplaycritiques,0.2573,very mutualistic
1419,letsplay,partneredyoutube,0.256,very mutualistic
1426,letsplay,realtimestrategy,0.2714,very mutualistic
1445,dublin,cork,0.3435,very mutualistic
1478,ireland,irishhistory,0.1842,very mutualistic
1488,dbrand,bitchimabus,-0.2411,very competitive
1496,everymanshouldknow,jobfair,0.1649,very mutualistic
1522,blackhair,naturalhair,0.2166,very mutualistic
1541,recroom,daydream,0.2194,very mutualistic
1560,h3vr,googlecardboard,-0.1768,very competitive
1563,recroom,googlecardboard,-0.1631,very competitive
1617,magicleap,steamvr,0.1853,very mutualistic
1621,vive,steamvr,-0.1938,very competitive
1639,magicleap,vive,0.1652,very mutualistic
1642,steamvr,vive,-0.185,very competitive
1656,vrgaming,vrchat,0.2006,very mutualistic
1663,recroom,vrgaming,0.1627,very mutualistic
1705,eve,evenewbies,0.1798,very mutualistic
1708,fittings,evenewbies,0.1858,very mutualistic
1712,eve,fittings,0.1638,very mutualistic
1727,yogscast,sips,0.25,very mutualistic
1748,gratefuldead,phish,0.2059,very mutualistic
1773,actrade,acturnips,0.4445,very mutualistic
1778,actrade,adoptmyvillager,0.2302,very mutualistic
1792,animalcrossing,acqr,0.3809,very mutualistic
1832,disney,rollercoasters,0.1952,very mutualistic
1841,wow,transmogrification,0.1858,very mutualistic
1859,metalgearsolid,neverbegameover,0.1702,very mutualistic
1882,magictcg,custommagic,0.2563,very mutualistic
1930,magictcg,lrcast,0.1957,very mutualistic
1946,magictcg,magicdeckbuilding,0.3224,very mutualistic
1962,magictcg,magicduels,0.1639,very mutualistic
2018,spikes,mtgcube,0.2132,very mutualistic
2043,magictcg,mtglegacy,0.1718,very mutualistic
2107,magictcg,spikes,0.2768,very mutualistic
2173,modelusgov,cmhoc,0.1993,very mutualistic
2196,mhoc,mhocpress,0.1612,very mutualistic
2223,mhoc,modelusgov,0.2005,very mutualistic
2279,netflixbestof,fullmoviesonyoutube,0.1623,very mutualistic
2305,nflstreams,cfbstreams,0.1831,very mutualistic
2330,nhlstreams,nbastreams,0.217,very mutualistic
2431,boardgamedeals,boardgamescirclejerk,0.221,very mutualistic
2438,lotrlcg,boardgamescirclejerk,0.2382,very mutualistic
2453,tabletopgamedesign,dominion,0.2349,very mutualistic
2489,imperialassaulttmg,kingdomdeath,0.1632,very mutualistic
2571,shitredditsays,srsbusiness,0.3029,very mutualistic
2585,shitredditsays,srsgaming,0.2193,very mutualistic
2592,shitredditsays,srsmeta,0.2877,very mutualistic
2599,shitredditsays,srswomen,0.1653,very mutualistic
2626,theadventurezone,mbmbam,0.1822,very mutualistic
2627,theglasscannonpodcast,mbmbam,0.1733,very mutualistic
2665,brooklyn,astoria,0.19,very mutualistic
2683,astoria,brooklyn,0.1861,very mutualistic
2689,newjersey,brooklyn,0.2443,very mutualistic
2715,nyu,columbia,0.2199,very mutualistic
2722,jerseycity,hoboken,0.2213,very mutualistic
2761,newjersey,longisland,0.2596,very mutualistic
2792,brooklyn,newjersey,0.2046,very mutualistic
2833,mlrugby,newyorkcity,0.2798,very mutualistic
2903,jerseycity,nycmeetups,0.2611,very mutualistic
3187,hockey,canucks,0.237,very mutualistic
3277,bluejackets,coloradoavalanche,0.1701,very mutualistic
3441,hockeygoalies,devils,0.2003,very mutualistic
3467,detroitredwings,edmontonoilers,-0.2713,very competitive
3484,ottawasenators,edmontonoilers,0.2026,very mutualistic
3528,anaheimducks,floridapanthers,-0.1768,very competitive
3541,edmontonoilers,floridapanthers,0.1616,very mutualistic
3603,calgaryflames,habs,0.1925,very mutualistic
3653,habs,hawks,0.1975,very mutualistic
3688,goldenknights,hgd,-0.2306,very competitive
3803,hockeyplayers,hockeygoalies,0.2664,very mutualistic
4024,ottawasenators,newyorkislanders,0.1613,very mutualistic
4095,losangeleskings,penguins,0.1715,very mutualistic
4315,predators,winnipegjets,0.1607,very mutualistic
4319,tampabaylightning,winnipegjets,0.1968,very mutualistic
4431,pinkfloyd,beatles,0.1868,very mutualistic
4434,beatles,pinkfloyd,0.2745,very mutualistic
4437,purdue,indiana,0.3027,very mutualistic
4440,indiana,purdue,0.1889,very mutualistic
4445,bigonemild,bisexualteens,0.1966,very mutualistic
4518,motocross,caferacers,0.1673,very mutualistic
4553,motouk,calamariraceteam,0.1742,very mutualistic
4571,harley,dirtbikes,0.1838,very mutualistic
4572,hondacb,dirtbikes,0.1665,very mutualistic
4616,supermoto,dualsport,0.1746,very mutualistic
4653,dirtbikes,fixxit,-0.2794,very competitive
4714,fixxit,fz09,0.1633,very mutualistic
4718,hondagrom,fz09,0.1708,very mutualistic
4743,fixxit,harley,0.2199,very mutualistic
4746,hondacb,harley,0.2185,very mutualistic
4775,harley,hondacb,0.2004,very mutualistic
4793,triumph,hondacb,0.1639,very mutualistic
4888,fixxit,motocross,0.1611,very mutualistic
5085,bikesgonewild,rockband,0.1632,very mutualistic
5155,klr650,sportster,0.1625,very mutualistic
5207,fixxit,supermoto,-0.1871,very competitive
5215,motocross,supermoto,0.2026,very mutualistic
5308,motouk,triumph,0.2148,very mutualistic
5334,knoxville,chattanooga,0.2208,very mutualistic
5337,nashville,chattanooga,0.1993,very mutualistic
5346,instacartshoppers,couriersofreddit,0.1684,very mutualistic
5370,couriersofreddit,doordash_drivers,0.2632,very mutualistic
5395,chattanooga,knoxville,0.3065,very mutualistic
5402,nashville,knoxville,0.1624,very mutualistic
5420,amazonflexdrivers,lyftdrivers,0.2109,very mutualistic
5430,postmates,lyftdrivers,0.1617,very mutualistic
5439,knoxville,nashville,0.2137,very mutualistic
5454,lyftdrivers,nbaforums,-0.2355,very competitive
5494,nashville,tennessee,0.2393,very mutualistic
5499,dreamcatcher,apink,-0.2633,very competitive
5516,snsd,kpics,0.1691,very mutualistic
5582,superstarjypnation,shinee,0.1632,very mutualistic
5614,kerbalspaceprogram,kerbalacademy,0.4097,very mutualistic
5633,kerbalspaceprogram,simplerockets,0.183,very mutualistic
5641,simplerockets,stormlight_archive,0.1851,very mutualistic
5642,e46,chinese,-0.1923,very competitive
5644,chinese,e46,-0.2518,very competitive
5647,e46,nexus6p,-0.1718,very competitive
5652,socalr4r,bostonr4r,0.2101,very mutualistic
5661,snapchat,needafriend,0.1916,very mutualistic
5692,pokemongoyellow,pogodfw,0.1875,very mutualistic
5713,pokemongodev,pokemongoivs,0.2634,very mutualistic
5750,fallenlondon,dicemasters,0.1979,very mutualistic
5753,churning,amex,-0.2074,very competitive
5756,churning,awardtravel,0.2841,very mutualistic
5765,daftpunk,edbangerrecords,0.2068,very mutualistic
5766,halo,competitivehalo,0.1766,very mutualistic
5819,ark,arkone,0.1892,very mutualistic
5849,runescape,2007scape,0.2693,very mutualistic
5932,ttcafterloss,askparents,0.2953,very mutualistic
5983,infertilitybabies,babywearing,0.2522,very mutualistic
5986,namenerds,babywearing,0.1635,very mutualistic
6219,ttc_pcos,fitpregnancy,0.1666,very mutualistic
6223,wtt_graduates,fitpregnancy,-0.2447,very competitive
6252,trollxmoms,gestationaldiabetes,0.1626,very mutualistic
6397,tryingforababy,miscarriage,0.2943,very mutualistic
6562,mommit,pregnant,-0.1606,very competitive
6697,breastfeeding,socialwork,0.3046,very mutualistic
6796,ttcafterloss,tfabchartstalkers,-0.1722,very competitive
6882,ifparents,toddlers,0.2583,very mutualistic
6938,ttc30,trollingforababy,0.231,very mutualistic
6941,waiting_to_try,trollingforababy,-0.2519,very competitive
7039,stilltrying,ttc30,-0.1778,very competitive
7044,trollingforababy,ttc30,0.1913,very mutualistic
7077,tfabgrads,ttc_pcos,0.3443,very mutualistic
7169,gestationaldiabetes,workingmoms,0.1757,very mutualistic
7233,sherlock,cumberbitches,0.1692,very mutualistic
7268,diablo3wizards,d3hardcore,0.1678,very mutualistic
7343,diablo,diablo3wizards,0.1727,very mutualistic
7368,forhonormemes,competitiveforhonor,-0.2187,very competitive
7379,forhonor,forhonorknights,0.1641,very mutualistic
7489,demonssouls,onebros,0.201,very mutualistic
7523,summonsign,pumparum,-0.1904,very competitive
7572,pumparum,summonsign,0.3386,very mutualistic
7617,masseffect,mecoop,0.3012,very mutualistic
7666,actuallesbians,ladyladyboners,0.2881,very mutualistic
7683,korrasami,lesbianfashionadvice,-0.2341,very competitive
7716,glasgow,edinburgh,0.2484,very mutualistic
7718,scotland,edinburgh,0.2028,very mutualistic
7761,filmmakers,cinematography,0.1699,very mutualistic
7811,sanfrancisco,bayarea,0.337,very mutualistic
7821,sanjose,oakland,0.3017,very mutualistic
7828,bayarea,sanfrancisco,0.3643,very mutualistic
7892,coins4sale,ancientcoins,0.1674,very mutualistic
7917,ancientcoins,coins4sale,0.2196,very mutualistic
7928,coins,crh,0.1745,very mutualistic
7933,rockhounds,crh,0.1638,very mutualistic
7939,crh,metaldetecting,0.1921,very mutualistic
7944,ancientcoins,papermoney,0.2243,very mutualistic
7973,coins,silverbugs,0.188,very mutualistic
7979,rockhounds,silverbugs,0.161,very mutualistic
8015,boombeach,jeopardy,0.2107,very mutualistic
8018,portlandtrees,jeopardy,-0.1779,very competitive
8025,portland,oregon,0.25,very mutualistic
8042,portland,portlandtrees,0.1848,very mutualistic
8043,vancouverwa,portlandtrees,-0.1716,very competitive
8076,4chan,4chanmeta,0.2502,very mutualistic
8080,wsgy,4chanmeta,0.2006,very mutualistic
8084,classic4chan,burial,0.1655,very mutualistic
8088,4chan,classic4chan,0.2062,very mutualistic
8094,4chan,pxifrm,0.2143,very mutualistic
8114,selfharmscars,benignexistence,-0.1602,very competitive
8130,maddenultimateteam,mcsplaystation,0.1798,very mutualistic
8134,maddenultimateteam,mcsrep,0.1852,very mutualistic
8138,maddenultimateteam,mcsxbox,0.2006,very mutualistic
8142,maddenultimateteam,mutcoinselling,0.2318,very mutualistic
8185,heat,detroitpistons,0.1696,very mutualistic
8255,chicagobulls,laclippers,0.1897,very mutualistic
8492,patriots,evilleagueofevil,0.2529,very mutualistic
8506,miamidolphins,buccaneers,0.1725,very mutualistic
8524,saints,buffalobills,0.1733,very mutualistic
8541,chargers,cowboys,0.1889,very mutualistic
8562,panthers,denverbroncos,0.1827,very mutualistic
8686,iasip,mitchellandwebb,0.1851,very mutualistic
8690,mazda3,cx5,-0.2373,very competitive
8691,cx5,mazda3,-0.1643,very competitive
8695,multicopter,fpv,0.198,very mutualistic
8698,radiocontrol,fpv,0.1759,very mutualistic
8713,radiocontrol,multicopterbuilds,0.1922,very mutualistic
8715,fpvracing,quadcopter,0.2778,very mutualistic
8738,civbattleroyale,civaigames,0.1829,very mutualistic
8748,civ,civbeyondearth,0.2262,very mutualistic
8753,endlesslegend,civbeyondearth,0.2099,very mutualistic
8754,civ,civhybridgames,0.178,very mutualistic
8783,offmychest,rant,0.2121,very mutualistic
8797,drones,dji,0.2479,very mutualistic
8804,dji,drones,0.2269,very mutualistic
8832,whichbike,bicycletouring,0.1613,very mutualistic
8889,bicycling,bikepacking,-0.1801,very competitive
8925,bicycling,bikewrench,0.1932,very mutualistic
8997,bicycling,fixedgearbicycle,0.1773,very mutualistic
9096,fixedgearbicycle,triathlon,0.1938,very mutualistic
9116,mtb,velo,0.1629,very mutualistic
9141,bicycling,zwift,-0.1792,very competitive
9166,coffee,barista,0.1632,very mutualistic
9169,roasting,barista,0.2204,very mutualistic
9177,coffee,espresso,-0.1795,very competitive
9180,alcoholism_medication,nespresso,0.2333,very mutualistic
9183,espresso,nespresso,0.2315,very mutualistic
9214,pixelgun,mysingingmonsters,0.162,very mutualistic
9217,shittymcsuggestions,pixelgun,0.2091,very mutualistic
9219,pixelgun,shittymcsuggestions,0.2324,very mutualistic
9227,adventuretime,regularshow,0.2301,very mutualistic
9283,redstone,mindcrack,0.1625,very mutualistic
9319,minecraft,redstone,0.194,very mutualistic
9334,harrypotter,ploungemafia,0.1689,very mutualistic
9353,airsoftmarket,chiliadmystery,0.2012,very mutualistic
9368,gta,grandtheftautov,0.2533,very mutualistic
9379,airsoftmarket,gta,0.2135,very mutualistic
9543,hapas,sino,0.1736,very mutualistic
9567,vita,catan,0.2353,very mutualistic
9579,ps4dreams,colinslaststand,-0.1756,very competitive
9784,ps4dreams,ps5,0.2642,very mutualistic
9849,ps3,xboxone,0.1967,very mutualistic
9862,britishsuccess,ashens,0.2533,very mutualistic
9865,cardiff,ashens,-0.1895,very competitive
9992,manchester,britishtv,0.1612,very mutualistic
10021,britishmilitary,cardiff,0.2981,very mutualistic
10164,britishtv,manchester,0.3311,very mutualistic
10194,nottingham,newcastleupontyne,0.1693,very mutualistic
10214,newcastleupontyne,nottingham,0.2681,very mutualistic
10232,liverpool,sheffield,0.2152,very mutualistic
10240,badunitedkingdom,theredlion,-0.2044,very competitive
10292,architecture,londonsocialclub,0.2039,very mutualistic
10520,crowfall,skyforge,0.174,very mutualistic
10557,neverwinter,wildstar,0.2116,very mutualistic
10582,death_by_snusnu,hardbodies,-0.166,very competitive
10583,fitandnatural,hardbodies,-0.175,very competitive
10602,nhl,mlb,0.1972,very mutualistic
10604,basketball,nhl,0.2292,very mutualistic
10635,fantasywriters,freelancewriters,0.1703,very mutualistic
10717,keepwriting,writingcirclejerk,0.1906,very mutualistic
10726,hearthstone,competitivehs,0.2097,very mutualistic
10758,pathofexile,pathofexilebuilds,0.1717,very mutualistic
10827,atlanta,gwinnett,0.1644,very mutualistic
10841,gastate,ksu,0.1774,very mutualistic
10870,entj,enfp,0.1684,very mutualistic
10871,entp,enfp,0.2012,very mutualistic
10899,entp,entj,0.2915,very mutualistic
10911,enfp,entp,0.3006,very mutualistic
10974,intp,intj,0.1667,very mutualistic
10988,intj,intp,0.2817,very mutualistic
11023,enfp,istp,0.2325,very mutualistic
11026,entp,istp,0.1847,very mutualistic
11080,dfsports,narffl,-0.1802,very competitive
11083,fantasyfootball,narffl,0.2527,very mutualistic
11087,ggfreeforall,asktrumpsupporters,0.2222,very mutualistic
11098,windows,microsoft,0.2473,very mutualistic
11103,surface,tablets,0.1743,very mutualistic
11105,microsoft,windows,0.1721,very mutualistic
11145,zyramains,overwatch,0.2134,very mutualistic
11158,overwatch,overwatchuniversity,0.166,very mutualistic
11163,zyramains,overwatchuniversity,0.2448,very mutualistic
11172,zyramains,owconsole,0.1964,very mutualistic
11194,overwatch,zyramains,0.1785,very mutualistic
11220,latterdaysaints,lds,-0.1929,very competitive
11237,exmormon,saltlakecity,0.1942,very mutualistic
11272,dota2modding,dota2circlejerk,0.294,very mutualistic
11276,dotamasterrace,dota2circlejerk,0.2157,very mutualistic
11284,dotaimba,dota2modding,-0.1634,very competitive
11324,dota2,redditdota2league,0.2176,very mutualistic
11396,migraine,disability,0.2083,very mutualistic
11412,rheumatoid,dysautonomia,0.2072,very mutualistic
11418,fibromyalgia,ehlersdanlos,0.1647,very mutualistic
11420,migraine,ehlersdanlos,0.1729,very mutualistic
11521,rheumatoid,service_dogs,0.1666,very mutualistic
11545,fffffffuuuuuuuuuuuu,classicrage,0.1696,very mutualistic
11547,ragenovels,classicrage,0.1873,very mutualistic
11561,bertstrips,ragenovels,-0.1675,very competitive
11564,fffffffuuuuuuuuuuuu,ragenovels,0.2821,very mutualistic
11602,skyrimmods,elderscrolls,0.1879,very mutualistic
11619,morrowind,fallout,0.1849,very mutualistic
11658,manyatruenerd,falloutmods,0.2034,very mutualistic
11717,lotro,fnv,0.1603,very mutualistic
11848,fallout,morrowind,0.1949,very mutualistic
11881,skyrim,oblivion,0.1716,very mutualistic
11902,skyrimmods,skyrim,0.1806,very mutualistic
12041,toyota,greyhounds,0.2396,very mutualistic
12052,lexus,hyundai,0.2068,very mutualistic
12059,hyundai,lexus,0.2906,very mutualistic
12078,greyhounds,toyota,0.3571,very mutualistic
12188,magicskyfairy,enoughpaulspam,0.1957,very mutualistic
12262,test,sandboxtest,0.2218,very mutualistic
12274,chanceme,act,0.3197,very mutualistic
12313,fsu,cornell,0.2746,very mutualistic
12367,scary,scarystories,0.1766,very mutualistic
12368,gradschool,askacademia,0.192,very mutualistic
12369,askacademia,gradschool,0.2466,very mutualistic
12373,romania,rocirclejerk,0.206,very mutualistic
12380,commercialav,lightingdesign,0.2045,very mutualistic
12382,techtheatre,lightingdesign,0.1663,very mutualistic
12386,techtheatre,livesound,0.2722,very mutualistic
12390,livesound,techtheatre,0.306,very mutualistic
12392,commercialav,videoengineering,0.2871,very mutualistic
12394,livesound,videoengineering,-0.1802,very competitive
12397,halflife,valve,0.258,very mutualistic
12398,techsupportmacgyver,iiiiiiitttttttttttt,-0.2444,very competitive
12432,championship,ajaxamsterdam,0.163,very mutualistic
12532,atletico,bootroom,0.2046,very mutualistic
12676,lcfc,crystalpalace,0.1824,very mutualistic
12772,chelseafc,footballmanagergames,0.2582,very mutualistic
12852,crystalpalace,lcfc,0.1743,very mutualistic
12906,fcbayern,nufc,0.1826,very mutualistic
13126,eliteexplorers,eliteantal,0.179,very mutualistic
13164,spaceengineers,elitedangerous,0.1774,very mutualistic
13196,starcitizen_refunds,elitehudson,-0.19,very competitive
13229,eliteantal,eliteone,0.1693,very mutualistic
13261,elitedangerous,elitetraders,0.1957,very mutualistic
13265,eliteminers,elitetraders,0.2575,very mutualistic
13346,starcitizen,starcitizen_trades,0.2181,very mutualistic
13380,globaloffensive,csgobetting,0.2365,very mutualistic
13419,counterstrike,vacsucks,-0.183,very competitive
13423,globaloffensive,vacsucks,0.3285,very mutualistic
13428,greenday,mychemicalromance,0.187,very mutualistic
13437,homebrewing,beer,0.1977,very mutualistic
13445,craftbeer,beercirclejerk,0.2361,very mutualistic
13478,beercirclejerk,craftbeer,0.1917,very mutualistic
13496,beercirclejerk,michiganbeer,0.2065,very mutualistic
13577,gendercynical,asablackman,0.2654,very mutualistic
13624,thebluepill,badhistory,0.1949,very mutualistic
13693,tumblratrest,badpolitics,0.1835,very mutualistic
13781,nothingeverhappens,badukpolitics,-0.1985,very competitive
13917,srssucks,drama,0.251,very mutualistic
13976,jesuschristreddit,enoughtrumpspam,0.3166,very mutualistic
13979,nothingeverhappens,enoughtrumpspam,0.1991,very mutualistic
14018,subredditdrama,gamingcirclejerk,0.1767,very mutualistic
14070,enoughcommiespam,iamveryculinary,-0.1692,very competitive
14137,enoughtrumpspam,jesuschristreddit,0.1908,very mutualistic
14417,topmindsofreddit,subredditcancer,0.2268,very mutualistic
14435,gamingcirclejerk,subredditdrama,0.163,very mutualistic
14465,drama,subredditdramadrama,-0.1779,very competitive
14489,badhistory,thebluepill,0.2488,very mutualistic
14722,thenarutoworld,hogwartsrp,0.1847,very mutualistic
14734,thenarutoworld,percyjacksonrp,0.1692,very mutualistic
14822,askdocs,mcat,0.1604,very mutualistic
14832,medicine,medicalschool,0.2763,very mutualistic
14839,medicalschool,medicine,0.3743,very mutualistic
14888,thailand,bangkok,0.1754,very mutualistic
14900,destinythegame,crucibleplaybook,0.1908,very mutualistic
14997,destinythegame,fireteams,0.2645,very mutualistic
15064,earwolf,comedybangbang,0.2495,very mutualistic
15076,earwolf,douglovesmovies,0.2148,very mutualistic
15080,comedybangbang,earwolf,0.1673,very mutualistic
15127,subaru,battlewagon,0.1727,very mutualistic
15154,wrx,subaruimpreza,0.222,very mutualistic
15189,talesfromthefrontdesk,idontworkherelady,0.3113,very mutualistic
15203,talesfromretail,prorevenge,0.1984,very mutualistic
15205,talesfromthefrontdesk,prorevenge,0.1672,very mutualistic
15219,talesfromretail,talesfromcallcenters,0.2162,very mutualistic
15254,movingtojapan,japanlife,-0.1676,very competitive
15263,computergraphics,3dmodeling,0.1683,very mutualistic
15264,maya,3dmodeling,0.3455,very mutualistic
15268,maya,3dsmax,0.2105,very mutualistic
15282,cinema4d,aftereffects,0.1636,very mutualistic
15284,vfx,aftereffects,0.1614,very mutualistic
15285,aftereffects,cinema4d,0.2222,very mutualistic
15291,aftereffects,vfx,0.2053,very mutualistic
15305,boston,bostonsocialclub,0.3017,very mutualistic
15313,pof,somerville,0.2371,very mutualistic
15324,thriftstorehauls,dumpsterdiving,0.318,very mutualistic
15337,flipping,mid_century,0.2812,very mutualistic
15343,dumpsterdiving,thriftstorehauls,0.1741,very mutualistic
15381,jrpg,rpg_gamers,0.1856,very mutualistic
15385,techsupportgore,shittybattlestations,0.1717,very mutualistic
15434,taliyahmains,aatroxmains,0.1703,very mutualistic
15475,kaylemains,ahrimains,-0.1725,very competitive
15658,kaylemains,aurelion_sol_mains,-0.1802,very competitive
15756,akalimains,bardmains,-0.1717,very competitive
15888,evelynnmains,dariusmains,-0.1696,very competitive
16152,mordekaisermains,ekkomains,-0.2048,very competitive
16406,sonamains,fioramains,-0.1737,very competitive
16531,swainmains,gangplankmains,-0.1757,very competitive
16630,jhinmains,illaoi,0.1615,very mutualistic
17159,akalimains,kindred,-0.1823,very competitive
17171,ezrealmains,kindred,-0.1665,very competitive
17585,ahrimains,renektonmains,0.2586,very mutualistic
17598,ezrealmains,renektonmains,-0.162,very competitive
17651,bardmains,rengarmains,0.1771,very mutualistic
17766,zedmains,rivenmains,-0.1809,very competitive
18031,illaoi,sonamains,0.1916,very mutualistic
18391,ezrealmains,teemotalk,-0.172,very competitive
18423,swainmains,teemotalk,-0.2355,very competitive
18542,sonamains,tryndameremains,0.1635,very mutualistic
18667,swainmains,vaynemains,-0.1928,very competitive
19184,leagueoflegends,loldyrus,0.5047,very mutualistic
19185,summonerschool,loldyrus,0.1772,very mutualistic
19188,leagueoflegends,summonerschool,0.4117,very mutualistic
19194,jimmyjohns,aldi,0.3933,very mutualistic
19201,raocflair,amateurroomporn,-0.1953,very competitive
19208,amateurroomporn,jimmyjohns,0.1661,very mutualistic
19210,randomactsofcards,jimmyjohns,-0.2461,very competitive
19239,loserleavesreddit,firepro,0.2752,very mutualistic
19260,stardomjoshi,funhaus,-0.2851,very competitive
19264,wrestlingisreddit,funhaus,0.2082,very mutualistic
19320,stardomjoshi,scjerk,-0.2472,very competitive
19384,wrestlingisreddit,wredditcountryclub,0.1715,very mutualistic
19552,finland,belgium,0.1889,very mutualistic
19567,spain,belgium,0.2042,very mutualistic
19572,barcelona,budapest,0.1668,very mutualistic
19702,spain,es,0.1908,very mutualistic
19753,serbia,finland,0.2806,very mutualistic
19816,belgium,hungary,-0.2051,very competitive
19876,europe,kosovo,-0.219,very competitive
19901,eesti,latvia,0.1658,very mutualistic
19910,madrid,latvia,0.1856,very mutualistic
19958,finland,poland,0.2237,very mutualistic
19972,spain,poland,0.2107,very mutualistic
20004,barcelona,prague,0.1905,very mutualistic
20019,madrid,prague,0.1821,very mutualistic
20130,prague,slovenia,0.1781,very mutualistic
20214,slovakia,yurop,0.1712,very mutualistic
20244,swarje,allsvenskan,0.1935,very mutualistic
20267,sweden,nordiccountries,0.3265,very mutualistic
20283,gothenburg,stockholm,0.1957,very mutualistic
20294,gothenburg,svenska,0.1725,very mutualistic
20296,soccerbetting,svenska,0.1813,very mutualistic
20322,sweden,swarje,0.2989,very mutualistic
20367,sweden,tillsverige,0.2185,very mutualistic
20379,wien,austria,0.2037,very mutualistic
20396,austria,wien,0.2407,very mutualistic
20485,ich_iel,fahrrad,0.2168,very mutualistic
20489,vegande,fahrrad,0.4087,very mutualistic
20516,kreiswichs,fragreddit,0.1897,very mutualistic
20563,munich,hamburg,0.2317,very mutualistic
20607,kreiswichs,lanl_german,-0.2233,very competitive
20641,washington,olympia,0.312,very mutualistic
20644,olympia,washington,0.2455,very mutualistic
20645,tacoma,washington,0.2072,very mutualistic
20652,seahawks,huskies,0.1775,very mutualistic
20665,seahawks,wsu,0.1666,very mutualistic
20672,trimps,adventurecapitalist,0.1634,very mutualistic
20679,almostahero,deeptown,0.1611,very mutualistic
20682,trimps,deeptown,0.1611,very mutualistic
20702,foreveralonedating,wls,-0.2069,very competitive
20709,streetfights,publicfreakout,0.2292,very mutualistic
20724,thecreatures,cowchop,0.181,very mutualistic
20788,floridagators,ducks,0.1907,very mutualistic
20896,longhornnation,pac12,0.3345,very mutualistic
20931,marriedredpill,askmrp,0.1761,very mutualistic
20936,redpillwomen,asktrp,0.1628,very mutualistic
20937,theredpill,asktrp,0.3819,very mutualistic
20945,theredpill,redpillwomen,0.4692,very mutualistic
20952,h3h3productions,filthyfrank,0.1615,very mutualistic
20956,filthyfrank,h3h3productions,0.2264,very mutualistic
20958,ihe,h3h3productions,0.1668,very mutualistic
21014,mortalkombat,mkxmobile,0.2131,very mutualistic
21020,rantgrumps,conspiracygrumps,-0.1669,very competitive
21021,sleepycabin,conspiracygrumps,0.177,very mutualistic
21071,vinesauce,sleepycabin,0.1736,very mutualistic
21096,ageofsigmar,40k,0.1805,very mutualistic
21141,orks,adeptusmechanicus,0.2305,very mutualistic
21179,orks,eldar,0.167,very mutualistic
21180,tau40k,eldar,0.215,very mutualistic
21183,tyranids,eldar,0.2531,very mutualistic
21297,tyranids,orks,0.1882,very mutualistic
21362,adeptusmechanicus,tyranids,0.1993,very mutualistic
21370,orks,tyranids,0.1606,very mutualistic
21373,thousandsons,tyranids,0.1707,very mutualistic
21487,pokemon,nuzlocke,0.2112,very mutualistic
21508,pokemon,pokemonconspiracies,0.2286,very mutualistic
21528,pokemon,pokemonrp,0.1708,very mutualistic
21538,pokemon,pokemonzetaomicron,0.1741,very mutualistic
21564,ttploreplaycentral,tppkappa,0.1836,very mutualistic
21578,pokemon,twitchplayspokemon,0.1682,very mutualistic
21660,friendsafari,destinyknot,0.312,very mutualistic
21681,pokemongiveaway,friendsafari,0.2011,very mutualistic
21688,vivillon,friendsafari,0.4479,very mutualistic
21788,shinypokemon,pokemonrng,0.1917,very mutualistic
21838,pokemontrades,shinypokemon,0.2374,very mutualistic
21886,pokemongiveaway,wondertrade,0.212,very mutualistic
21904,aspergers,autism,0.1848,very mutualistic
21967,askmenover30,askwomenover30,0.2495,very mutualistic
21979,killtony,billburr,-0.1781,very competitive
22011,thefighterandthekid,dvdasa,-0.163,very competitive
22025,bjj,judo,0.2687,very mutualistic
22090,birthcontrol,askwomen,0.1751,very mutualistic
22092,twoxchromosomes,askwomen,0.2154,very mutualistic
22096,askwomen,thegirlsurvivalguide,0.2479,very mutualistic
22098,twoxchromosomes,thegirlsurvivalguide,0.196,very mutualistic
22106,polyamory,asktrollx,0.1781,very mutualistic
22118,asktrollx,femmethoughts,0.4162,very mutualistic
22138,polyamory,nonmonogamy,0.1854,very mutualistic
22171,polyamory,twoxsex,0.3289,very mutualistic
22200,kappa,fighters,0.2758,very mutualistic
22335,metroid,mario,0.1757,very mutualistic
22358,smashgifs,mariokart,0.2366,very mutualistic
22396,zelda,nintendo,0.235,very mutualistic
22485,hyrulewarriors,ssbm,0.205,very mutualistic
22532,zelda,truezelda,0.1823,very mutualistic
22541,nintendo,zelda,0.1625,very mutualistic
22567,ozoneofftopic,amateurphotography,0.1905,very mutualistic
22580,askphotography,analog,0.2249,very mutualistic
22582,cameras,analog,0.2023,very mutualistic
22667,analog,cameras,0.2023,very mutualistic
22699,ozoneofftopic,fujifilm,-0.1676,very competitive
22721,ozoneofftopic,fujix,0.1927,very mutualistic
22742,nikon,leica,0.167,very mutualistic
22783,fujix,m43,0.2203,very mutualistic
22801,askphotography,nikon,-0.1945,very competitive
22866,analogcommunity,photographs,-0.1801,very competitive
22954,analogcommunity,poshmark,0.1792,very mutualistic
22996,amateurphotography,premiere,0.1999,very mutualistic
23024,fujifilm,sonyalpha,0.1708,very mutualistic
23068,baltimore,maryland,0.2425,very mutualistic
23086,perth,adelaide,0.2843,very mutualistic
23108,australia,brisbane,0.32,very mutualistic
23128,brisbane,melbourne,0.1631,very mutualistic
23134,adelaide,newcastle,0.1747,very mutualistic
23143,adelaide,perth,0.3303,very mutualistic
23157,melbourne,sydney,0.2278,very mutualistic
23159,perth,sydney,0.2924,very mutualistic
23167,newcastle,tasmania,0.1835,very mutualistic
23177,coloradorockies,azdiamondbacks,0.1956,very mutualistic
23322,ootp,kcroyals,0.2123,very mutualistic
23426,reds,oaklandathletics,0.189,very mutualistic
23477,padres,reds,0.1703,very mutualistic
23480,education,amazonprime,-0.2732,very competitive
23494,teachers,blogging,0.2095,very mutualistic
23517,education,elateachers,0.1682,very mutualistic
23879,nycfc,oclions,0.1673,very mutualistic
23904,sjearthquakes,phillyunion,0.194,very mutualistic
23990,sportingkc,soundersfc,0.2155,very mutualistic
24000,minnesotaunited,sportingkc,-0.1664,very competitive
24001,mls,sportingkc,0.1728,very mutualistic
24040,limerence,heartbreak,0.2403,very mutualistic
24042,heartbreak,limerence,0.4661,very mutualistic
24047,dodge,challenger,-0.1953,very competitive
24049,dodge,charger,0.1814,very mutualistic
24080,redditlaqueristas,randomactsofpolish,0.3505,very mutualistic
24103,retrogaming,consolerepair,-0.1992,very competitive
24126,wii,dreamcast,0.1789,very mutualistic
24154,retrogaming,gamecube,0.2665,very mutualistic
24162,consolerepair,n64,0.1616,very mutualistic
24171,retrogaming,n64,0.1724,very mutualistic
24193,snes,nes,0.1732,very mutualistic
24232,gameboy,ps2,0.2077,very mutualistic
24267,gamecube,retrogaming,0.1767,very mutualistic
24365,wiihacks,snes,0.162,very mutualistic
24367,dreamcast,wii,0.2495,very mutualistic
24413,permaculture,selfsufficiency,0.162,very mutualistic
24426,justnofamily,momforaminute,0.1735,very mutualistic
24446,forsen,livestreamfail,0.195,very mutualistic
24470,forsen,sodapoppin,0.2352,very mutualistic
24485,scifi,books,0.281,very mutualistic
24488,printsf,fantasy,0.3087,very mutualistic
24502,books,scifi,0.2092,very mutualistic
24516,aoe2,muse,0.1812,very mutualistic
24529,flytying,bassfishing,0.2332,very mutualistic
24562,bassfishing,kayakfishing,0.3099,very mutualistic
24585,stargate,bsg,0.1709,very mutualistic
24652,startrek,stargate,0.1979,very mutualistic
24663,stargate,startrek,0.181,very mutualistic
24680,darkmatter,startrekmemes,-0.1898,very competitive
24688,treknobabble,startrekmemes,-0.164,very competitive
24717,ploompax,abv,0.2265,very mutualistic
24809,marijuana,cannabis,0.162,very mutualistic
24894,asiatripper,dabs,0.2637,very mutualistic
24918,asiatripper,dynavap,0.3374,very mutualistic
24950,growingmarijuana,eldertrees,-0.178,very competitive
24966,asiatripper,growingmarijuana,0.1818,very mutualistic
25029,ploompax,macrogrowery,0.2971,very mutualistic
25163,chinaglass,rosin,-0.1729,very competitive
25215,growingmarijuana,vaporents,-0.1628,very competitive
25235,chinaglass,waxpen,0.1602,very mutualistic
25303,trees,glassheads,0.1622,very mutualistic
25304,glassheads,pieces,0.1826,very mutualistic
25311,trees,saplings,0.2914,very mutualistic
25313,pieces,stonerprotips,0.2176,very mutualistic
25351,firearms,progun,0.1645,very mutualistic
25352,gunpolitics,progun,0.4012,very mutualistic
25371,adviceanimals,shittyadviceanimals,0.2437,very mutualistic
25381,reloading,ar15,0.2748,very mutualistic
25391,ar15,reloading,0.4102,very mutualistic
25398,microbiology,biochemistry,0.2227,very mutualistic
25413,microbiology,genetics,0.1825,very mutualistic
25423,labrats,microbiology,0.2238,very mutualistic
25430,ccw,1911,0.2715,very mutualistic
25438,1911,ccw,0.2184,very mutualistic
25446,1911,competitionshooting,0.1874,very mutualistic
25447,ccw,competitionshooting,0.1801,very mutualistic
25463,ccw,glocks,0.1864,very mutualistic
25483,handguns,hecklerkoch,0.2263,very mutualistic
25491,handguns,sigsauer,0.1915,very mutualistic
25502,bisexual,bibros,0.2461,very mutualistic
25524,lgbt,ainbow,0.3031,very mutualistic
25563,gaymers,gay,0.1816,very mutualistic
25572,ainbow,gaybros,0.2724,very mutualistic
25584,lgbt,gaybros,0.2213,very mutualistic
25614,lgbt,gaybrosgonemild,0.1755,very mutualistic
25629,lgbt,gaymers,0.1633,very mutualistic
25644,lgbt,gaymersgonemild,0.1819,very mutualistic
25658,grindr,gayrateme,0.2352,very mutualistic
25750,lgbt,lolgrindr,0.2126,very mutualistic
25760,thesimpsons,archerfx,0.2314,very mutualistic
25768,kingofthehill,familyguy,0.1683,very mutualistic
25802,asktransgender,transgender_surgeries,-0.1814,very competitive
25851,crossdressing,transpassing,0.3899,very mutualistic
25858,crossdressing,transpositive,0.2066,very mutualistic
25865,crossdressing,transtimelines,0.1978,very mutualistic
25880,comicbooks,batman,0.1999,very mutualistic
26002,comiccodes,imagecomics,0.1605,very mutualistic
26038,powerrangers,marvel,0.1761,very mutualistic
26059,comicbookart,superman,0.1634,very mutualistic
26075,comicbookcollecting,theflash,0.2263,very mutualistic
26138,marvellegends,starwarscollecting,-0.1895,very competitive
26150,marvellegends,toyexchange,-0.1606,very competitive
26164,anarcho_capitalism,austrian_economics,0.2556,very mutualistic
26175,shitstatistssay,libertarianmeme,0.1964,very mutualistic
26279,anarchism,anarchy101,0.1826,very mutualistic
26299,slipknot,systemofadown,-0.1721,very competitive
26329,jonbellion,foofighters,-0.1613,very competitive
26342,onebag,digitalnomad,0.2845,very mutualistic
26344,digitalnomad,onebag,0.2554,very mutualistic
26361,rupaulsdragrace,drag,0.1767,very mutualistic
26386,mspaintsartrace,rpdrcringe,0.1603,very mutualistic
26487,indiancountry,nativeamerican,-0.2182,very competitive
26594,playmygame,gameideas,0.2359,very mutualistic
26649,gamemaker,opengl,0.2075,very mutualistic
26707,gamedev,roguelikes,0.2237,very mutualistic
26723,verizon,sprint,0.2629,very mutualistic
26728,sprint,verizon,0.1886,very mutualistic
26941,reno,iamafiction,0.1607,very mutualistic
26982,orangered,periwinkle,0.1907,very mutualistic
27199,fragrance,sixwordstories,-0.2028,very competitive
27209,shittyama,sixwordstories,0.2116,very mutualistic
27252,mcrealmsservers,realms,0.1741,very mutualistic
27281,mba,gmat,0.2029,very mutualistic
27284,gmat,mba,0.1823,very mutualistic
27315,volkswagen,beetle,0.2122,very mutualistic
27336,golf_r,tdi,-0.1659,very competitive
27338,jetta,tdi,0.2479,very mutualistic
27351,rocketleagueexchange,rlfashionadvice,0.1756,very mutualistic
27358,piercing,bodymods,0.1873,very mutualistic
27405,skincareaddiction,skincareaddictionuk,0.3977,very mutualistic
27411,skincareaddiction,skincareaddicts,0.2249,very mutualistic
27417,skincareaddiction,tretinoin,0.1967,very mutualistic
27422,googlesheets,astronomy,-0.1904,very competitive
27424,space,astronomy,0.2264,very mutualistic
27452,nasa,spaceflight,0.1603,very mutualistic
27472,googlesheets,spacexmasterrace,0.1784,very mutualistic
27504,makeuprehab,sugarfreemua,0.2393,very mutualistic
27543,asianbeautyexchange,randomactsofab,0.1958,very mutualistic
27560,makeupexchange,wardrobepurge,0.3225,very mutualistic
27564,wallpapers,offensive_wallpapers,0.3835,very mutualistic
27586,perfecttiming,images,0.2236,very mutualistic
27609,imaginarymonsters,perfecttiming,0.1625,very mutualistic
27646,imaginaryleviathans,imaginaryhorrors,0.1671,very mutualistic
27656,alternativeart,imaginaryleviathans,0.1826,very mutualistic
27688,canadapolitics,alberta,0.2332,very mutualistic
27875,vancouver,calgary,0.3225,very mutualistic
28071,saskatoon,edmonton,0.2237,very mutualistic
28082,canada,hamilton,0.1639,very mutualistic
28104,saskatoon,hamilton,0.2001,very mutualistic
28176,askto,lasik,0.2181,very mutualistic
28269,saskatoon,londonontario,0.4912,very mutualistic
28284,canadianforces,metacanada,0.1678,very mutualistic
28330,ontario,mississauga,0.2026,very mutualistic
28370,vancouver,montreal,0.359,very mutualistic
28567,toronto,quebec,-0.1689,very competitive
28613,canadapolitics,saskatchewan,-0.1829,very competitive
28715,hamilton,vancouver,0.2273,very mutualistic
28723,montreal,vancouver,0.2484,very mutualistic
28986,foodporn,albumartporn,0.1811,very mutualistic
29016,cityporn,animalporn,0.1998,very mutualistic
29097,foodporn,artefactporn,0.1608,very mutualistic
29247,gunporn,carporn,0.2005,very mutualistic
29259,skyporn,carporn,0.1635,very mutualistic
29279,earthporn,cityporn,0.2396,very mutualistic
29282,foodporn,cityporn,0.1936,very mutualistic
29430,foodporn,earthporn,0.2692,very mutualistic
29467,foodporn,exposureporn,0.2019,very mutualistic
29504,foodporn,f1porn,0.1925,very mutualistic
29620,infrastructureporn,gunporn,0.1615,very mutualistic
29653,foodporn,historyporn,0.1601,very mutualistic
29665,roomporn,historyporn,0.2345,very mutualistic
29764,foodporn,machineporn,0.195,very mutualistic
29854,thingscutinhalfporn,motorcycleporn,0.1685,very mutualistic
29959,policeporn,powerwashingporn,-0.1693,very competitive
29965,thingscutinhalfporn,powerwashingporn,0.1908,very mutualistic
29986,foodporn,quotesporn,0.1782,very mutualistic
30023,foodporn,roomporn,0.2232,very mutualistic
30035,quotesporn,roomporn,0.189,very mutualistic
30316,giftofgames,free,-0.1701,very competitive
30360,freegamesonsteam,humblebundles,0.2659,very mutualistic
30364,steam_giveaway,humblebundles,0.2345,very mutualistic
30383,giftofgames,randomactsoftf2,0.1701,very mutualistic
30420,gotham,flashtv,0.1813,very mutualistic
30610,arabs,iraq,0.1828,very mutualistic
30618,muslimnofap,iraq,0.2608,very mutualistic
30648,islam,izlam,-0.1637,very competitive
30653,quraniyoon,izlam,0.1948,very mutualistic
30765,progressive_islam,shia,0.1649,very mutualistic
30836,csshelp,resissues,0.3523,very mutualistic
30837,enhancement,resissues,0.2017,very mutualistic
30961,raisedbynarcissists,lifeafternarcissism,0.4319,very mutualistic
30963,raisedbynarcissists,narcissisticabuse,0.197,very mutualistic
31050,riddles,psych,0.164,very mutualistic
31150,alienblue,bugs,0.18,very mutualistic
31156,ideasfortheadmins,bugs,-0.1852,very competitive
31174,redditmobile,changelog,0.1612,very mutualistic
31268,automoderator,therealmofmianite,0.2872,very mutualistic
31300,whiskey,bourbon,0.2577,very mutualistic
31360,whiskey,rum,0.2359,very mutualistic
31367,denver,scotch,0.3552,very mutualistic
31369,rit,scotch,0.2457,very mutualistic
31372,whiskey,scotch,0.2,very mutualistic
31394,rum,whiskey,0.1762,very mutualistic
31410,whiskyporn,whisky,0.3465,very mutualistic
31448,pacificcresttrail,adirondacks,-0.2345,very competitive
31449,roadtrip,adirondacks,0.3478,very mutualistic
31453,campingandhiking,appalachiantrail,0.1618,very mutualistic
31469,hammocks,camping,0.1968,very mutualistic
31483,hiking,campingandhiking,0.2361,very mutualistic
31500,pacificcresttrail,campinggear,0.1978,very mutualistic
31519,campingandhiking,hammocks,0.1765,very mutualistic
31522,hiking,hammocks,0.205,very mutualistic
31532,campingandhiking,hiking,0.2713,very mutualistic
31543,appalachiantrail,myog,0.2021,very mutualistic
31625,climbingcirclejerk,alpinism,0.2001,very mutualistic
31653,cosnow,backcountry,0.2335,very mutualistic
31669,overcominggravity,bouldering,0.2254,very mutualistic
31677,climbingcirclejerk,climbharder,0.1699,very mutualistic
31756,climbingcirclejerk,mountaineering,-0.1752,very competitive
31788,snowboarding,skiing,0.4307,very mutualistic
31801,skiing,snowboarding,0.2589,very mutualistic
31820,talktherapy,adultsurvivors,0.2128,very mutualistic
31827,mentalhealth,bpd,0.2028,very mutualistic
31864,bpd,mentalhealth,0.1818,very mutualistic
31868,ptsd,mentalhealth,0.2452,very mutualistic
31878,mentalhealth,ptsd,0.2998,very mutualistic
31939,loseit,progresspics,0.1933,very mutualistic
32011,lisathepainfulrpg,northernlion,0.2964,very mutualistic
32016,spelunky,northernlion,-0.1653,very competitive
32043,nlsscirclejerk,spelunky,0.3461,very mutualistic
32046,sfm,spelunky,0.1936,very mutualistic
32048,bindingofisaac,themoddingofisaac,0.2046,very mutualistic
32099,guitar,bassguitar,-0.1824,very competitive
32216,metalguitar,guitaramps,-0.2115,very competitive
32222,classicalguitar,guitarcirclejerk,-0.2009,very competitive
32232,letstradepedals,guitarcirclejerk,-0.2136,very competitive
32237,songaweek,guitarcirclejerk,0.2459,very mutualistic
32238,bass,guitarlessons,0.1651,very mutualistic
32258,classicalguitar,guitarpedals,0.1723,very mutualistic
32266,guitars,guitarpedals,0.4302,very mutualistic
32284,guitarpedals,guitars,0.2241,very mutualistic
32309,songaweek,jazzguitar,0.1856,very mutualistic
32364,bass,musictheory,0.2479,very mutualistic
32378,luthier,musictheory,0.2757,very mutualistic
32389,guitaramps,offset,0.1766,very mutualistic
32429,reclassified,watchredditdie,0.2088,very mutualistic
32436,metal,deathmetal,0.1941,very mutualistic
32437,metalmemes,deathmetal,0.199,very mutualistic
32451,learnjapanese,acting,0.2793,very mutualistic
32458,acting,learnjapanese,0.1755,very mutualistic
32475,musicinthemaking,shareyourmusic,-0.1726,very competitive
32485,psychology,freethought,0.3343,very mutualistic
32487,psychology,philosophy,0.2026,very mutualistic
32489,philosophy,psychology,0.2057,very mutualistic
32506,nottheonion,dataisbeautiful,0.2054,very mutualistic
32517,pics,funny,0.2302,very mutualistic
32533,gifs,jokes,0.2451,very mutualistic
32556,nottheonion,mildlyinteresting,0.2055,very mutualistic
32561,dataisbeautiful,nottheonion,0.2791,very mutualistic
32590,askreddit,todayilearned,0.1912,very mutualistic
32600,evolution,debateevolution,-0.2003,very competitive
32601,debateevolution,evolution,-0.2689,very competitive
32661,statistics,debateachristian,0.1668,very mutualistic
32672,statistics,debateanatheist,0.1856,very mutualistic
32683,statistics,debatereligion,0.1869,very mutualistic
32685,academicbiblical,electricians,0.1639,very mutualistic
32695,trueatheism,electricians,0.1859,very mutualistic
32708,askstatistics,rstats,0.1691,very mutualistic
32722,debateachristian,statistics,0.1955,very mutualistic
32737,exchristian,trueatheism,0.1725,very mutualistic
32747,nofapchristians,anglicanism,0.2282,very mutualistic
32794,judaism,catholicism,0.2105,very mutualistic
32799,reformed,catholicism,0.1898,very mutualistic
32815,reformed,christian,0.1686,very mutualistic
32903,catholicism,orthodoxchristianity,0.1989,very mutualistic
32931,truechristian,radicalchristianity,0.2034,very mutualistic
32969,christianity,theology,-0.1757,very competitive
33087,wearethemusicmakers,beatmatch,0.1777,very mutualistic
33106,wearethemusicmakers,edmprodcirclejerk,0.2209,very mutualistic
33125,wearethemusicmakers,edmproduction,0.3283,very mutualistic
33163,wearethemusicmakers,futurebeatproducers,0.2148,very mutualistic
33183,ableton,logic_studio,0.2311,very mutualistic
33219,trapproduction,maschine,0.1746,very mutualistic
33397,synthesizers,modular,0.2705,very mutualistic
33405,geosim,coldwarpowers,0.1639,very mutualistic
33443,worldpowers,globalpowers,0.1922,very mutualistic
33451,runnerhub,hubchargen,0.2014,very mutualistic
33453,worldpowers,hubchargen,0.1956,very mutualistic
33471,runnerhub,lowlevelaware,0.2054,very mutualistic
33476,geosim,neckbeardrpg,0.2221,very mutualistic
33493,worldpowers,runnerhub,0.2378,very mutualistic
33500,lowlevelaware,shadownet,0.1688,very mutualistic
33528,edm,deadmau5,0.1621,very mutualistic
33535,deadmau5,edm,0.1701,very mutualistic
33539,trap,edm,0.1715,very mutualistic
33612,dnd,dungeonsanddragons,0.1796,very mutualistic
33621,dndbehindthescreen,eberron,-0.174,very competitive
33636,rpg,askgamemasters,0.181,very mutualistic
33640,numenera,faterpg,0.2229,very mutualistic
33648,rpg,loremasters,0.3779,very mutualistic
33651,faterpg,numenera,0.2839,very mutualistic
33660,rpg,osr,-0.3939,very competitive
33681,omad,diabetes_t2,0.2373,very mutualistic
33687,keto,fasting,0.1694,very mutualistic
33690,ketorecipes,fasting,0.2225,very mutualistic
33699,keto_food,intermittentfasting,0.1636,very mutualistic
33735,ketoscience,ketodrunk,0.1685,very mutualistic
33749,xxketo,ketorecipes,0.3123,very mutualistic
33849,bonnaroo,electricforest,0.1646,very mutualistic
33916,lifeisbeautifullv,aclfestival,0.2058,very mutualistic
33958,posthardcore,blues,0.2435,very mutualistic
33962,treemusic,blues,0.2,very mutualistic
33970,indie_rock,classicrock,0.1704,very mutualistic
33988,posthardcore,country,0.1611,very mutualistic
34021,stonerrock,hiphop,0.2218,very mutualistic
34033,posthardcore,indie,0.1778,very mutualistic
34079,psychedelicrock,musicvideos,0.1991,very mutualistic
34126,stonerrock,reggae,0.2035,very mutualistic
34142,treemusic,stonerrock,0.2153,very mutualistic
34157,stonerrock,treemusic,0.1851,very mutualistic
34269,recruitcs,findaunit,0.1938,very mutualistic
34427,swgoh_guilds,overwatchlft,0.3299,very mutualistic
34525,gamerpals,skypepals,0.2084,very mutualistic
34607,wowguilds,teamredditteams,0.177,very mutualistic
34675,fitmeals,budgetfood,0.2116,very mutualistic
34679,budgetfood,eatcheapandhealthy,0.1604,very mutualistic
34712,vegetarian,animalrights,0.2179,very mutualistic
34777,shittyveganfoodporn,veganfoodporn,0.2477,very mutualistic
34833,watchexchange,rolex,0.1841,very mutualistic
34835,japanesewatches,seiko,-0.2251,very competitive
34865,grilling,biggreenegg,0.1955,very mutualistic
34888,bbq,smoking,0.2076,very mutualistic
34898,pelletgrills,traeger,0.1944,very mutualistic
34901,electronics,askelectronics,0.1814,very mutualistic
34913,knifemaking,balisong,0.1963,very mutualistic
34920,edc,blacksmith,0.222,very mutualistic
34934,knifeclub,blacksmithing,0.213,very mutualistic
34945,knifeclub,bladesmith,0.2483,very mutualistic
34959,pipetobacco,edc,0.1673,very mutualistic
34969,knives,florida,0.3031,very mutualistic
35010,florida,knives,0.1954,very mutualistic
35020,edc,pipetobacco,0.2371,very mutualistic
35069,sushi,fermentation,0.1705,very mutualistic
35071,cooking,recipes,0.165,very mutualistic
35076,askculinary,sushi,0.1613,very mutualistic
35083,pizza,charcuterie,0.1712,very mutualistic
35086,pizza,meat,0.2558,very mutualistic
35103,askgames,shouldibuythisgame,0.2007,very mutualistic
35115,indiegameswap,gamedealsmeta,0.2418,very mutualistic
35155,zootopia,beachcity,0.1677,very mutualistic
35210,stevenuniverse,suleaks,0.1758,very mutualistic
35301,downloadcodes,radioheadcirclejerk,-0.1764,very competitive
35365,macdemarco,mgmt,-0.1654,very competitive
35407,meiouandtaxes,paradoxextra,0.1918,very mutualistic
35422,crusaderkings,ck2gameofthrones,0.1792,very mutualistic
35424,offbeat,obama,0.208,very mutualistic
35429,politicaldiscussion,neutralpolitics,0.2906,very mutualistic
35436,truereddit,depthhub,0.2798,very mutualistic
35441,truereddit,foodforthought,0.2069,very mutualistic
35445,trueaskreddit,insightfulquestions,0.2042,very mutualistic
35448,foodforthought,sociology,0.1933,very mutualistic
35458,foodforthought,truereddit,0.1798,very mutualistic
35465,propagandaposters,arthistory,0.1915,very mutualistic
35467,propagandaposters,museum,0.1899,very mutualistic
35469,museum,propagandaposters,0.2338,very mutualistic
35473,crazyideas,outside,0.3331,very mutualistic
35482,virginiatech,bullcity,-0.1853,very competitive
35486,raleigh,charlottesville,0.178,very mutualistic
35495,raleigh,norfolk,0.1674,very mutualistic
35500,virginiatech,norfolk,0.2011,very mutualistic
35512,norfolk,raleigh,0.2751,very mutualistic
35533,rva,triangle,0.2394,very mutualistic
35544,virginiapolitics,virginia,0.1679,very mutualistic
35736,240sx,autodetailing,0.174,very mutualistic
35765,nissan,autodetailing,0.2597,very mutualistic
35784,cars,autos,0.2188,very mutualistic
35875,foxmustang,battlecars,0.1791,very mutualistic
35906,cartalk,bmw,0.2457,very mutualistic
36093,spotted,chevy,0.2346,very mutualistic
36157,honda,classiccars,0.1852,very mutualistic
36197,honda,datsun,-0.162,very competitive
36243,mustang,drifting,0.2065,very mutualistic
36439,mercedes_benz,ft86,-0.163,very competitive
36448,projectcar,ft86,-0.179,very competitive
36480,miata,honda,0.3332,very mutualistic
36485,nissan,honda,0.2939,very mutualistic
36721,miata,mustang,0.2075,very mutualistic
36790,classiccars,nissan,0.1891,very mutualistic
36820,autodetailing,plastidip,0.1642,very mutualistic
36977,acura_rsx,roastmycar,-0.2351,very competitive
37065,cars,shitty_car_mods,0.205,very mutualistic
37218,chevytrucks,4runner,0.1727,very mutualistic
37236,jeep,4x4,0.19,very mutualistic
37240,trucks,4x4,0.3141,very mutualistic
37242,4runner,cherokeexj,0.2342,very mutualistic
37249,jeep,cherokeexj,0.1897,very mutualistic
37270,cherokeexj,diesel,0.1732,very mutualistic
37301,jeep,grandcherokee,0.1767,very mutualistic
37321,4x4,jeep,0.2024,very mutualistic
37373,4x4,trucks,0.208,very mutualistic
37400,pugs,dachshund,0.3071,very mutualistic
37401,dachshund,pugs,0.2256,very mutualistic
37458,shittyaquariums,aquascape,0.2302,very mutualistic
37709,aquariums,reeftank,0.1777,very mutualistic
37713,bettafish,reeftank,0.2274,very mutualistic
37807,rateme,amiugly,0.2301,very mutualistic
37813,rateme,faces,0.1635,very mutualistic
37831,redheadedgoddesses,demeyesdoe,0.2447,very mutualistic
37833,redheadedgoddesses,freckledgirls,0.1791,very mutualistic
37922,aggies,engineeringstudents,0.2477,very mutualistic
37961,howtohack,asknetsec,0.1745,very mutualistic
38019,cybersecurity,hacking,-0.2023,very competitive
38043,cybersecurity,netsec,-0.172,very competitive
38071,netsec,reverseengineering,0.2281,very mutualistic
38084,netsecstudents,security,0.1964,very mutualistic
38093,fitness,advancedfitness,0.2122,very mutualistic
38104,fitnesscirclejerk,bodybuilding,0.1676,very mutualistic
38105,gainit,bodybuilding,0.1729,very mutualistic
38194,fitness,weightroom,0.2325,very mutualistic
38195,fitnesscirclejerk,weightroom,0.1856,very mutualistic
38209,solidworks,cad,0.3862,very mutualistic
38219,cad,solidworks,0.1994,very mutualistic
38223,cnc,hobbycnc,0.2276,very mutualistic
38244,fixmyprint,functionalprint,0.2388,very mutualistic
38272,twincities,minneapolis,0.3693,very mutualistic
38276,twincities,minnesota,0.2515,very mutualistic
38279,minneapolis,twincities,0.1956,very mutualistic
38280,minnesota,twincities,0.2603,very mutualistic
38290,cleaningtips,homedecorating,0.1979,very mutualistic
38294,applehelp,mac,0.1801,very mutualistic
38298,crafts,artstore,0.165,very mutualistic
38357,mineralporn,polymerclay,0.1608,very mutualistic
38453,blackops2,naegold,0.189,very mutualistic
38455,mw3,naegold,0.2034,very mutualistic
38462,redditcasual,redditblack,0.2392,very mutualistic
38512,energy,renewableenergy,0.1603,very mutualistic
38524,teslamotors,electricvehicles,0.3021,very mutualistic
38554,transhumanism,singularity,0.308,very mutualistic
38557,singularity,transhumanism,0.2409,very mutualistic
38563,simracing,iracing,0.3227,very mutualistic
38566,iracing,simracing,0.1895,very mutualistic
38578,justicedemocrats,dncleaks,-0.2179,very competitive
38587,kossacks_for_sanders,jillstein,0.3236,very mutualistic
38609,dncleaks,political_revolution,0.1864,very mutualistic
38646,hillaryclinton,enough_sanders_spam,0.3436,very mutualistic
38682,thexeffect,findapath,0.1856,very mutualistic
38772,getstudying,socialskills,0.2603,very mutualistic
38777,selfimprovement,socialskills,0.2941,very mutualistic
38885,delhi,hyderabad,0.2111,very mutualistic
38966,indiainvestments,kerala,0.1871,very mutualistic
39005,beards,barber,-0.1837,very competitive
39017,malehairadvice,beards,0.3448,very mutualistic
39022,malehairadvice,malegrooming,0.2577,very mutualistic
39026,beards,malehairadvice,0.1988,very mutualistic
39029,barber,moustache,-0.2146,very competitive
39035,wicked_edge,shave_bazaar,0.193,very mutualistic
39079,marchagainsttrump,esist,0.3324,very mutualistic
39083,trumpgret,esist,0.2056,very mutualistic
39084,antitrumpalliance,impeach_trump,0.2313,very mutualistic
39094,esist,marchagainsttrump,0.1806,very mutualistic
39096,newpatriotism,marchagainsttrump,-0.2164,very competitive
39099,trumpgret,marchagainsttrump,-0.1784,very competitive
39120,marchagainsttrump,russialago,-0.2253,very competitive
39125,bluemidterm2018,trumpgret,0.167,very mutualistic
39129,newpatriotism,trumpgret,-0.1793,very competitive
39193,endlesswar,democrats,0.2678,very mutualistic
39230,altnewz,hackernews,0.1675,very mutualistic
39333,economy,worldpolitics,0.2052,very mutualistic
39364,learnart,artistlounge,0.1801,very mutualistic
39367,toomeirlformeirl,2meirl4meirl,0.2016,very mutualistic
39373,malefashionadvice,frugalmalefashion,0.2045,very mutualistic
39386,malefashionadvice,malefashionmarket,0.1756,very mutualistic
39458,android,htcone,0.3597,very mutualistic
39461,androidquestions,htcone,0.2382,very mutualistic
39490,pickanandroidforme,nexus,0.1703,very mutualistic
39548,lgg2,xposed,0.216,very mutualistic
39568,design,design_critiques,0.2027,very mutualistic
39610,designjobs,logo_critique,0.1796,very mutualistic
39625,design_critiques,typography,0.1638,very mutualistic
39628,graphic_design,typography,0.2529,very mutualistic
39638,makingamurderer,stevenaveryisguilty,0.1782,very mutualistic
39641,stevenaveryisguilty,ticktockmanitowoc,0.2351,very mutualistic
39660,smartthings,smarthome,0.1768,very mutualistic
39669,homeautomation,winkhub,0.2914,very mutualistic
39674,homekit,4ktv,0.1909,very mutualistic
39744,oled,bravia,0.1655,very mutualistic
39874,techsupport,buildapc,0.1678,very mutualistic
39914,hardwareswap,buildapcsales,0.1647,very mutualistic
40042,canadianhardwareswap,corsair,0.1632,very mutualistic
40172,canadianhardwareswap,microsoftsoftwareswap,0.3313,very mutualistic
40279,hardwareswap,overclocking,0.3573,very mutualistic
40309,monitors,pcmasterrace,0.1813,very mutualistic
40334,microsoftsoftwareswap,pcmasterracebuilds,0.217,very mutualistic
40400,buildapc,techsupport,0.169,very mutualistic
40437,mechmarket,watercooling,0.3549,very mutualistic
40451,suggestalaptop,askbattlestations,0.3684,very mutualistic
40503,iphone,iphonehelp,0.2375,very mutualistic
40523,knitting,crochet,0.3225,very mutualistic
40548,crochet,knitting,0.2892,very mutualistic
40560,sewing,quilting,0.19,very mutualistic
40594,magento,css,0.1689,very mutualistic
40600,webdev,css,0.1606,very mutualistic
40614,webdev,drupal,0.2265,very mutualistic
40616,angular2,freecodecamp,0.2239,very mutualistic
40654,web_design,javascript,0.2819,very mutualistic
40748,learnjavascript,webdesign,-0.3583,very competitive
40769,wordpress,webdev,0.3553,very mutualistic
40783,webdev,wordpress,0.1907,very mutualistic
40792,fortinet,ansible,-0.1607,very competitive
40822,cisco,aws,0.2182,very mutualistic
40926,ccna,cisco,0.1684,very mutualistic
40972,homeserver,datahoarder,0.1888,very mutualistic
41004,homelab,devops,0.162,very mutualistic
41006,homenetworking,devops,0.1693,very mutualistic
41014,msp,devops,-0.1687,very competitive
41022,sccm,devops,-0.1636,very competitive
41128,selfhosted,fortinet,0.3106,very mutualistic
41146,homenetworking,freenas,0.3035,very mutualistic
41193,pfsense,homelab,0.2247,very mutualistic
41197,sccm,homelab,0.169,very mutualistic
41252,homeserver,homenetworking,0.2475,very mutualistic
41263,pfsense,homenetworking,0.1757,very mutualistic
41359,itcareerquestions,k12sysadmin,0.1769,very mutualistic
41446,vmware,linuxadmin,0.2918,very mutualistic
41461,homelabsales,meraki,0.2726,very mutualistic
41469,msp,meraki,0.1966,very mutualistic
41478,selfhosted,meraki,0.2554,very mutualistic
41534,itcareerquestions,msp,0.2303,very mutualistic
41548,selfhosted,msp,0.1751,very mutualistic
41596,docker,office365,0.1753,very mutualistic
41653,selfhosted,paloaltonetworks,0.1717,very mutualistic
41672,homenetworking,pfsense,0.1764,very mutualistic
41696,ccna,powershell,0.2079,very mutualistic
41843,fortinet,selfhosted,0.3054,very mutualistic
41926,networking,sysadmin,0.1717,very mutualistic
41936,vmware,sysadmin,0.2687,very mutualistic
42080,learnmath,homeworkhelp,0.2475,very mutualistic
42089,math,learnmath,0.2472,very mutualistic
42094,homeworkhelp,logic,0.1905,very mutualistic
42125,mlquestions,algorithms,-0.1692,very competitive
42198,linuxquestions,archlinux,0.1767,very mutualistic
42211,i3wm,bash,0.2153,very mutualistic
42219,linuxquestions,bash,-0.1664,very competitive
42240,linuxquestions,debian,0.1628,very mutualistic
42282,linuxquestions,fedora,0.1768,very mutualistic
42403,linux,linux4noobs,0.3677,very mutualistic
42424,linux,linux_gaming,0.1911,very mutualistic
42527,i3wm,openbsd,0.2169,very mutualistic
42580,vfio,solusproject,0.1892,very mutualistic
42622,solusproject,wine_gaming,0.1934,very mutualistic
42624,vim,commandline,0.2237,very mutualistic
42636,haskell,clojure,0.2121,very mutualistic
42640,haskell,coding,0.4093,very mutualistic
42644,haskell,compsci,0.1965,very mutualistic
42656,sqlserver,csharp,0.2901,very mutualistic
42657,wma,csharp,0.1749,very mutualistic
42658,csharp,database,0.1927,very mutualistic
42661,wma,database,-0.1636,very competitive
42662,csharp,dotnet,0.2409,very mutualistic
42666,csharp,sqlserver,0.2177,very mutualistic
42727,tylerthecreator,brockhampton,0.1799,very mutualistic
42732,hiphopvinyl,chancetherapper,0.1942,very mutualistic
42758,travisscott,earlsweatshirt,0.2324,very mutualistic
42793,wheredidthesodago,behindthegifs,0.1618,very mutualistic
42797,firstworldanarchists,wheredidthesodago,0.5071,very mutualistic
42814,supremeclothing,repsneakers,0.2291,very mutualistic
42819,supremeclothing,sneakerreps,0.2106,very mutualistic
42820,fashionrepsbst,supreme,0.2031,very mutualistic
42845,foraging,mushrooms,0.1816,very mutualistic
42861,paranormal,dreams,0.1832,very mutualistic
42864,dreams,glitch_in_the_matrix,0.3051,very mutualistic
42868,dreams,paranormal,0.1771,very mutualistic
42871,thetruthishere,paranormal,0.2221,very mutualistic
42890,dbzdokkanmarketplace,narutoblazing,0.2802,very mutualistic
42908,investing,stocks,0.1636,very mutualistic
42914,nootropics,peptides,-0.1779,very competitive
42927,drugnerds,askdrugs,0.1906,very mutualistic
42984,drugnerds,shroomers,0.1966,very mutualistic
43000,opiates,cocaine,0.222,very mutualistic
43032,memorydefrag,kings_raid,0.2884,very mutualistic
43036,mslgame,memorydefrag,-0.2108,very competitive
43039,memorydefrag,mslgame,0.2107,very mutualistic
43160,wicca,occult,0.1808,very mutualistic
43194,wicca,satanism,0.2121,very mutualistic
43245,wicca,spirituality,0.21,very mutualistic
43348,wicca,zen,0.2444,very mutualistic
43400,shrooms,dmt,0.2105,very mutualistic
43408,psilocybinmushrooms,dmtguide,0.2736,very mutualistic
43423,psychonaut,lsd,0.1818,very mutualistic
43445,dmtguide,psilocybinmushrooms,0.3365,very mutualistic
43455,2cb,psychedelics,0.2404,very mutualistic
43509,dmt,shrooms,0.2642,very mutualistic
43522,dmt,tripsit,0.3697,very mutualistic
43635,arianagrande,chloegracemoretz,0.1721,very mutualistic
43651,annakendrick,emiliaclarke,0.1717,very mutualistic
43702,annakendrick,jenniferlawrence,0.173,very mutualistic
43776,emmawatson,scarlettjohansson,0.198,very mutualistic
43845,gentlemanboners,victoriajustice,0.1613,very mutualistic
43861,shittymapporn,vexillologycirclejerk,0.1851,very mutualistic
43988,aviation,helicopters,0.205,very mutualistic
44182,girlsundpanzer,wargame,0.2428,very mutualistic
44254,warcollege,weirdwings,0.2119,very mutualistic
44285,derscheisser,wwiipics,0.1688,very mutualistic
44296,warcollege,wwiipics,-0.1769,very competitive
44303,aviation,wwiiplanes,0.1878,very mutualistic
44327,vocaloid_utau_jp,motorsports_ja,0.2631,very mutualistic
44328,babymetal,vocaloid_utau_jp,0.1917,very mutualistic
44330,mechanical_gifs,educationalgifs,0.2311,very mutualistic
44397,startups,entrepreneur,0.2312,very mutualistic
44399,entrepreneur,marketing,0.3232,very mutualistic
44407,entrepreneur,startups,0.4351,very mutualistic
44416,instant_regret,dadreflexes,0.251,very mutualistic
44441,kimetsunoyaiba,beermoneyuk,0.2351,very mutualistic
44488,beermoneyuk,h1z1,-0.2277,very competitive
44539,backpacking,minecraftinventions,0.2866,very mutualistic
44670,indoorgarden,castles,0.2675,very mutualistic
44679,whatisthis,castles,0.2172,very mutualistic
44702,whatsthisbug,entomology,0.2421,very mutualistic
44710,indoorgarden,etymology,-0.1715,very competitive
44720,whatsthatbook,etymology,0.2279,very mutualistic
44782,whatsthisbug,insects,0.2037,very mutualistic
44783,whatsthisplant,insects,0.3752,very mutualistic
44807,castles,marinebiology,0.1877,very mutualistic
44932,insects,whatisthis,-0.1902,very competitive
44934,marinebiology,whatisthis,0.182,very mutualistic
44943,whatsthisplant,whatisthis,0.2032,very mutualistic
45086,kaguya_sama,aquasama,0.3399,very mutualistic
45336,instantregret,holdmycosmo,0.1663,very mutualistic
45368,newsokuvip,bakanewsjp,0.2165,very mutualistic
45385,perfectloops,brokengifs,0.1985,very mutualistic
45457,cinemagraphs,glitch_art,0.1634,very mutualistic
45569,cinemagraphs,shittyreactiongifs,0.1935,very mutualistic
45632,mypeopleneedme,combinedgifs,0.2525,very mutualistic
45639,combinedgifs,mypeopleneedme,0.2,very mutualistic
45648,accidentalrenaissance,evilbuildings,0.1667,very mutualistic
45652,calvinandhobbes,penmanshipporn,0.2446,very mutualistic
45658,japan_anime,newsokunomoral,-0.208,very competitive
45714,sfr4r,bitmarket,-0.1646,very competitive
45772,cryptocurrencies,crypto_currency_news,0.2665,very mutualistic
45795,crypto_currency_news,cryptocurrencies,0.2473,very mutualistic
45859,tv_ja,gta5modding,-0.1663,very competitive
46038,sissy,redditbay,0.178,very mutualistic
46098,italy_ss,sissy,-0.2103,very competitive
46117,crypto_currency_news,steamr,-0.161,very competitive
46136,ama,subredditoftheday,0.2015,very mutualistic
46154,sissy,subredditoftheday,-0.221,very competitive
46268,ethereum,ethereumclassic,0.36,very mutualistic
46284,batproject,tezos,0.2803,very mutualistic
46293,floof,blackcats,0.1635,very mutualistic
46294,jellybeantoes,blackcats,0.1698,very mutualistic
46330,jellybeantoes,floof,0.2212,very mutualistic
46347,delightfullychubby,mainecoons,0.1676,very mutualistic
46379,supermodelcats,torties,0.3218,very mutualistic
46416,blep,tuckedinkitties,0.2352,very mutualistic
46480,litecoin,cryptocurrency,0.2306,very mutualistic
46623,xmrtrader,ripple,0.1622,very mutualistic
46719,editmyraw,disneypinswap,0.1658,very mutualistic
46755,colorizationrequests,estoration,0.2104,very mutualistic
46778,drawforme,redditgetsdrawnbadly,0.1629,very mutualistic
46782,photoshoprequest,redditgetsdrawnbadly,-0.1753,very competitive
46788,drawforme,wallpaperrequests,0.2472,very mutualistic
46836,everyfuckingthread,awardspeechedits,0.1899,very mutualistic
46837,iamveryrandom,awardspeechedits,0.2925,very mutualistic
46858,awardspeechedits,everyfuckingthread,0.3054,very mutualistic
46876,discordservers,justunsubbed,-0.1626,very competitive
46902,iamveryrandom,tworedditorsonecup,0.2223,very mutualistic
46914,jesuschristouija,increasinglyverbose,0.212,very mutualistic
46959,dontputyourdickinthat,confusing_perspective,0.1977,very mutualistic
46979,bettereveryloop,dontdeadopeninside,0.3158,very mutualistic
46982,dankchristianmemes,dontdeadopeninside,0.1721,very mutualistic
47009,misleadingthumbnails,engrish,0.2007,very mutualistic
47062,4panelcringe,sweatypalms,0.169,very mutualistic
47085,freekarma4u,cosplaybabes,0.196,very mutualistic
47116,freekarma4u,jacksepticeye,-0.1905,very competitive
47176,freekarma4u,tubersimulator,-0.2096,very competitive
47181,polytopia,tubersimulator,-0.1771,very competitive
